[
    {
        "%vlocity_namespace%__DisplayType__c": "REFERENCE",
        "%vlocity_namespace%__DomainObjectAPIName__c": "Turbo Extract",
        "%vlocity_namespace%__DomainObjectCreationOrder__c": 0,
        "%vlocity_namespace%__DomainObjectFieldAPIName__c": "WorkingCart",
        "%vlocity_namespace%__FilterGroup__c": 0,
        "%vlocity_namespace%__FilterOperator__c": "=",
        "%vlocity_namespace%__FilterValue__c": "enterpriseCartId",
        "%vlocity_namespace%__GlobalKey__c": "b2b1fc76-fa5d-7348-a52d-a5fe8b390a12",
        "%vlocity_namespace%__InterfaceFieldAPIName__c": "%vlocity_namespace%__ParentOrderId__c",
        "%vlocity_namespace%__InterfaceObjectLookupOrder__c": 1,
        "%vlocity_namespace%__InterfaceObjectName__c": "Order",
        "%vlocity_namespace%__IsDisabled__c": false,
        "%vlocity_namespace%__IsRequiredForUpsert__c": false,
        "%vlocity_namespace%__MapId__c": "ESMGetLatestOrderWorkingCartCustom3870",
        "%vlocity_namespace%__OMplusSyncEnabled__c": true,
        "%vlocity_namespace%__UpsertKey__c": false,
        "Name": "ESMGetLatestOrderWorkingCart",
        "VlocityDataPackType": "SObject",
        "VlocityRecordSObjectType": "%vlocity_namespace%__DRMapItem__c"
    },
    {
        "%vlocity_namespace%__DisplayType__c": "STRING",
        "%vlocity_namespace%__DomainObjectAPIName__c": "Turbo Extract",
        "%vlocity_namespace%__DomainObjectCreationOrder__c": 0,
        "%vlocity_namespace%__DomainObjectFieldAPIName__c": "WorkingCart",
        "%vlocity_namespace%__FilterGroup__c": 0,
        "%vlocity_namespace%__FilterOperator__c": "=",
        "%vlocity_namespace%__FilterValue__c": "'Test Working Cart'",
        "%vlocity_namespace%__GlobalKey__c": "a3f5019e-3ca0-1106-cebd-cc306da01706",
        "%vlocity_namespace%__InterfaceFieldAPIName__c": "Name",
        "%vlocity_namespace%__InterfaceObjectLookupOrder__c": 1,
        "%vlocity_namespace%__InterfaceObjectName__c": "Order",
        "%vlocity_namespace%__IsDisabled__c": false,
        "%vlocity_namespace%__IsRequiredForUpsert__c": false,
        "%vlocity_namespace%__MapId__c": "ESMGetLatestOrderWorkingCartCustom4494",
        "%vlocity_namespace%__OMplusSyncEnabled__c": true,
        "%vlocity_namespace%__UpsertKey__c": false,
        "Name": "ESMGetLatestOrderWorkingCart",
        "VlocityDataPackType": "SObject",
        "VlocityRecordSObjectType": "%vlocity_namespace%__DRMapItem__c"
    },
    {
        "%vlocity_namespace%__DisplayType__c": "PICKLIST",
        "%vlocity_namespace%__DomainObjectAPIName__c": "Turbo Extract",
        "%vlocity_namespace%__DomainObjectCreationOrder__c": 0,
        "%vlocity_namespace%__DomainObjectFieldAPIName__c": "WorkingCart",
        "%vlocity_namespace%__FilterGroup__c": 0,
        "%vlocity_namespace%__FilterOperator__c": "=",
        "%vlocity_namespace%__FilterValue__c": "'Draft'",
        "%vlocity_namespace%__GlobalKey__c": "a5f4c08d-d89a-367e-fb7b-037ed68eab97",
        "%vlocity_namespace%__InterfaceFieldAPIName__c": "Status",
        "%vlocity_namespace%__InterfaceObjectLookupOrder__c": 1,
        "%vlocity_namespace%__InterfaceObjectName__c": "Order",
        "%vlocity_namespace%__IsDisabled__c": false,
        "%vlocity_namespace%__IsRequiredForUpsert__c": false,
        "%vlocity_namespace%__MapId__c": "ESMGetLatestOrderWorkingCartCustom3691",
        "%vlocity_namespace%__OMplusSyncEnabled__c": true,
        "%vlocity_namespace%__UpsertKey__c": false,
        "Name": "ESMGetLatestOrderWorkingCart",
        "VlocityDataPackType": "SObject",
        "VlocityRecordSObjectType": "%vlocity_namespace%__DRMapItem__c"
    },
    {
        "%vlocity_namespace%__DomainObjectAPIName__c": "Turbo Extract",
        "%vlocity_namespace%__DomainObjectCreationOrder__c": 0,
        "%vlocity_namespace%__DomainObjectFieldAPIName__c": "WorkingCart",
        "%vlocity_namespace%__FilterGroup__c": 0,
        "%vlocity_namespace%__FilterOperator__c": "LIMIT",
        "%vlocity_namespace%__FilterValue__c": "1",
        "%vlocity_namespace%__GlobalKey__c": "34a13735-f7d2-5d9d-2e04-4b07c0923798",
        "%vlocity_namespace%__InterfaceObjectLookupOrder__c": 1,
        "%vlocity_namespace%__InterfaceObjectName__c": "Order",
        "%vlocity_namespace%__IsDisabled__c": false,
        "%vlocity_namespace%__IsRequiredForUpsert__c": false,
        "%vlocity_namespace%__MapId__c": "ESMGetLatestOrderWorkingCartCustom2959",
        "%vlocity_namespace%__OMplusSyncEnabled__c": true,
        "%vlocity_namespace%__UpsertKey__c": false,
        "Name": "ESMGetLatestOrderWorkingCart",
        "VlocityDataPackType": "SObject",
        "VlocityRecordSObjectType": "%vlocity_namespace%__DRMapItem__c"
    },
    {
        "%vlocity_namespace%__DomainObjectAPIName__c": "Turbo Extract",
        "%vlocity_namespace%__DomainObjectCreationOrder__c": 0,
        "%vlocity_namespace%__DomainObjectFieldAPIName__c": "WorkingCart",
        "%vlocity_namespace%__FilterGroup__c": 0,
        "%vlocity_namespace%__FilterOperator__c": "ORDER BY",
        "%vlocity_namespace%__FilterValue__c": "CreatedDate DESC",
        "%vlocity_namespace%__GlobalKey__c": "adae5c7d-f7c1-6b30-28be-72dbc3999ee2",
        "%vlocity_namespace%__InterfaceObjectLookupOrder__c": 1,
        "%vlocity_namespace%__InterfaceObjectName__c": "Order",
        "%vlocity_namespace%__IsDisabled__c": false,
        "%vlocity_namespace%__IsRequiredForUpsert__c": false,
        "%vlocity_namespace%__MapId__c": "ESMGetLatestOrderWorkingCartCustom4078",
        "%vlocity_namespace%__OMplusSyncEnabled__c": true,
        "%vlocity_namespace%__UpsertKey__c": false,
        "Name": "ESMGetLatestOrderWorkingCart",
        "VlocityDataPackType": "SObject",
        "VlocityRecordSObjectType": "%vlocity_namespace%__DRMapItem__c"
    },
    {
        "%vlocity_namespace%__DomainObjectAPIName__c": "Turbo Extract",
        "%vlocity_namespace%__DomainObjectCreationOrder__c": 1,
        "%vlocity_namespace%__DomainObjectFieldAPIName__c": "WorkingCart",
        "%vlocity_namespace%__GlobalKey__c": "98b9ce2d-0c15-4c12-4c66-b22e8643b34c",
        "%vlocity_namespace%__InterfaceFieldAPIName__c": "CreatedDate",
        "%vlocity_namespace%__InterfaceObjectName__c": "Order",
        "%vlocity_namespace%__IsDisabled__c": false,
        "%vlocity_namespace%__IsRequiredForUpsert__c": false,
        "%vlocity_namespace%__MapId__c": "ESMGetLatestOrderWorkingCartCustom9885",
        "%vlocity_namespace%__OMplusSyncEnabled__c": true,
        "%vlocity_namespace%__UpsertKey__c": false,
        "Name": "ESMGetLatestOrderWorkingCart",
        "VlocityDataPackType": "SObject",
        "VlocityRecordSObjectType": "%vlocity_namespace%__DRMapItem__c"
    }
]