[
    {
        "%vlocity_namespace%__DomainObjectAPIName__c": "Formula",
        "%vlocity_namespace%__DomainObjectCreationOrder__c": 0,
        "%vlocity_namespace%__DomainObjectFieldAPIName__c": "Formula",
        "%vlocity_namespace%__FormulaOrder__c": 1,
        "%vlocity_namespace%__FormulaResultPath__c": "count",
        "%vlocity_namespace%__Formula__c": "COUNTQUERY ( \"SELECT COUNT() FROM OrderItem WHERE OrderId = '{0}' and %vlocity_namespace%__ParentItemId__c = NULL\" , orderId )",
        "%vlocity_namespace%__GlobalKey__c": "649f5d8a-bf57-d262-269b-1d4ab52c13fd",
        "%vlocity_namespace%__IsDisabled__c": false,
        "%vlocity_namespace%__IsRequiredForUpsert__c": false,
        "%vlocity_namespace%__MapId__c": "ESMExtractSummaryRootItemsCountForOrder08149827872065174",
        "%vlocity_namespace%__OMplusSyncEnabled__c": true,
        "%vlocity_namespace%__UpsertKey__c": false,
        "Name": "ESMExtractSummaryRootItemsCountForOrder",
        "VlocityDataPackType": "SObject",
        "VlocityRecordSObjectType": "%vlocity_namespace%__DRMapItem__c"
    },
    {
        "%vlocity_namespace%__DomainObjectAPIName__c": "json",
        "%vlocity_namespace%__DomainObjectCreationOrder__c": 1,
        "%vlocity_namespace%__DomainObjectFieldAPIName__c": "count",
        "%vlocity_namespace%__GlobalKey__c": "3b809ab1-2e86-a18d-cd3a-622181d3f67f",
        "%vlocity_namespace%__InterfaceFieldAPIName__c": "count",
        "%vlocity_namespace%__IsDisabled__c": false,
        "%vlocity_namespace%__IsRequiredForUpsert__c": false,
        "%vlocity_namespace%__MapId__c": "ESMExtractSummaryRootItemsCountForOrder13974956658398918",
        "%vlocity_namespace%__OMplusSyncEnabled__c": true,
        "%vlocity_namespace%__UpsertKey__c": false,
        "Name": "ESMExtractSummaryRootItemsCountForOrder",
        "VlocityDataPackType": "SObject",
        "VlocityRecordSObjectType": "%vlocity_namespace%__DRMapItem__c"
    }
]