[
    {
        "%vlocity_namespace%__DomainObjectAPIName__c": "json",
        "%vlocity_namespace%__DomainObjectCreationOrder__c": 1,
        "%vlocity_namespace%__DomainObjectFieldAPIName__c": "serviceQualificationItem",
        "%vlocity_namespace%__DomainObjectFieldType__c": "List<Map>",
        "%vlocity_namespace%__GlobalKey__c": "ac469b13-952e-caba-b4f0-61a3ad47d9fc",
        "%vlocity_namespace%__IsDisabled__c": false,
        "%vlocity_namespace%__IsRequiredForUpsert__c": false,
        "%vlocity_namespace%__MapId__c": "PreparePayloadForServiceQualificationItemCustom2464",
        "%vlocity_namespace%__OMplusSyncEnabled__c": true,
        "%vlocity_namespace%__UpsertKey__c": false,
        "Name": "PreparePayloadForServiceQualificationItem",
        "VlocityDataPackType": "SObject",
        "VlocityRecordSObjectType": "%vlocity_namespace%__DRMapItem__c"
    },
    {
        "%vlocity_namespace%__DomainObjectAPIName__c": "json",
        "%vlocity_namespace%__DomainObjectCreationOrder__c": 1,
        "%vlocity_namespace%__DomainObjectFieldAPIName__c": "serviceQualificationItem:service:place",
        "%vlocity_namespace%__DomainObjectFieldType__c": "List<Map>",
        "%vlocity_namespace%__GlobalKey__c": "78fe69dd-5434-487f-3e6c-fd51771e6d9c",
        "%vlocity_namespace%__IsDisabled__c": false,
        "%vlocity_namespace%__IsRequiredForUpsert__c": false,
        "%vlocity_namespace%__MapId__c": "PreparePayloadForServiceQualificationItemCustom939",
        "%vlocity_namespace%__OMplusSyncEnabled__c": true,
        "%vlocity_namespace%__UpsertKey__c": false,
        "Name": "PreparePayloadForServiceQualificationItem",
        "VlocityDataPackType": "SObject",
        "VlocityRecordSObjectType": "%vlocity_namespace%__DRMapItem__c"
    },
    {
        "%vlocity_namespace%__DomainObjectAPIName__c": "json",
        "%vlocity_namespace%__DomainObjectCreationOrder__c": 1,
        "%vlocity_namespace%__DomainObjectFieldAPIName__c": "serviceQualificationItem:service:place:geographicAddress:city",
        "%vlocity_namespace%__GlobalKey__c": "8cadc680-b743-342d-f5d9-a7b041f943c7",
        "%vlocity_namespace%__InterfaceFieldAPIName__c": "QuoteMember:%vlocity_namespace%__City__c",
        "%vlocity_namespace%__IsDisabled__c": false,
        "%vlocity_namespace%__IsRequiredForUpsert__c": false,
        "%vlocity_namespace%__MapId__c": "PreparePayloadForServiceQualificationItemCustom8736",
        "%vlocity_namespace%__OMplusSyncEnabled__c": true,
        "%vlocity_namespace%__UpsertKey__c": false,
        "Name": "PreparePayloadForServiceQualificationItem",
        "VlocityDataPackType": "SObject",
        "VlocityRecordSObjectType": "%vlocity_namespace%__DRMapItem__c"
    },
    {
        "%vlocity_namespace%__DomainObjectAPIName__c": "json",
        "%vlocity_namespace%__DomainObjectCreationOrder__c": 1,
        "%vlocity_namespace%__DomainObjectFieldAPIName__c": "serviceQualificationItem:service:place:geographicAddress:country",
        "%vlocity_namespace%__GlobalKey__c": "4cfbd0c8-276e-2101-a77d-cd5ac76312c3",
        "%vlocity_namespace%__InterfaceFieldAPIName__c": "QuoteMember:%vlocity_namespace%__Country__c",
        "%vlocity_namespace%__IsDisabled__c": false,
        "%vlocity_namespace%__IsRequiredForUpsert__c": false,
        "%vlocity_namespace%__MapId__c": "PreparePayloadForServiceQualificationItemCustom6105",
        "%vlocity_namespace%__OMplusSyncEnabled__c": true,
        "%vlocity_namespace%__UpsertKey__c": false,
        "Name": "PreparePayloadForServiceQualificationItem",
        "VlocityDataPackType": "SObject",
        "VlocityRecordSObjectType": "%vlocity_namespace%__DRMapItem__c"
    },
    {
        "%vlocity_namespace%__DomainObjectAPIName__c": "json",
        "%vlocity_namespace%__DomainObjectCreationOrder__c": 1,
        "%vlocity_namespace%__DomainObjectFieldAPIName__c": "serviceQualificationItem:service:place:geographicAddress:postcode",
        "%vlocity_namespace%__GlobalKey__c": "756366c1-0768-302c-c817-265a1e0bcc05",
        "%vlocity_namespace%__InterfaceFieldAPIName__c": "QuoteMember:%vlocity_namespace%__PostalCode__c",
        "%vlocity_namespace%__IsDisabled__c": false,
        "%vlocity_namespace%__IsRequiredForUpsert__c": false,
        "%vlocity_namespace%__MapId__c": "PreparePayloadForServiceQualificationItemCustom9395",
        "%vlocity_namespace%__OMplusSyncEnabled__c": true,
        "%vlocity_namespace%__UpsertKey__c": false,
        "Name": "PreparePayloadForServiceQualificationItem",
        "VlocityDataPackType": "SObject",
        "VlocityRecordSObjectType": "%vlocity_namespace%__DRMapItem__c"
    },
    {
        "%vlocity_namespace%__DomainObjectAPIName__c": "json",
        "%vlocity_namespace%__DomainObjectCreationOrder__c": 1,
        "%vlocity_namespace%__DomainObjectFieldAPIName__c": "serviceQualificationItem:service:place:geographicAddress:state",
        "%vlocity_namespace%__GlobalKey__c": "5c709e4e-ff2f-f819-b7d0-5536575f03a3",
        "%vlocity_namespace%__InterfaceFieldAPIName__c": "QuoteMember:%vlocity_namespace%__State__c",
        "%vlocity_namespace%__IsDisabled__c": false,
        "%vlocity_namespace%__IsRequiredForUpsert__c": false,
        "%vlocity_namespace%__MapId__c": "PreparePayloadForServiceQualificationItemCustom2181",
        "%vlocity_namespace%__OMplusSyncEnabled__c": true,
        "%vlocity_namespace%__UpsertKey__c": false,
        "Name": "PreparePayloadForServiceQualificationItem",
        "VlocityDataPackType": "SObject",
        "VlocityRecordSObjectType": "%vlocity_namespace%__DRMapItem__c"
    },
    {
        "%vlocity_namespace%__DomainObjectAPIName__c": "json",
        "%vlocity_namespace%__DomainObjectCreationOrder__c": 1,
        "%vlocity_namespace%__DomainObjectFieldAPIName__c": "serviceQualificationItem:service:place:geographicAddress:streetName",
        "%vlocity_namespace%__GlobalKey__c": "947d4064-6520-8dce-9a24-b5b6c313d2ec",
        "%vlocity_namespace%__InterfaceFieldAPIName__c": "QuoteMember:%vlocity_namespace%__StreetAddress__c",
        "%vlocity_namespace%__IsDisabled__c": false,
        "%vlocity_namespace%__IsRequiredForUpsert__c": false,
        "%vlocity_namespace%__MapId__c": "PreparePayloadForServiceQualificationItemCustom7625",
        "%vlocity_namespace%__OMplusSyncEnabled__c": true,
        "%vlocity_namespace%__UpsertKey__c": false,
        "Name": "PreparePayloadForServiceQualificationItem",
        "VlocityDataPackType": "SObject",
        "VlocityRecordSObjectType": "%vlocity_namespace%__DRMapItem__c"
    },
    {
        "%vlocity_namespace%__DomainObjectAPIName__c": "json",
        "%vlocity_namespace%__DomainObjectCreationOrder__c": 1,
        "%vlocity_namespace%__DomainObjectFieldAPIName__c": "serviceQualificationItem:service:serviceSpecification:name",
        "%vlocity_namespace%__GlobalKey__c": "6cb3f30a-9ce3-83ce-d32f-69f852b9eb13",
        "%vlocity_namespace%__InterfaceFieldAPIName__c": "ServiceSpecification",
        "%vlocity_namespace%__IsDisabled__c": false,
        "%vlocity_namespace%__IsRequiredForUpsert__c": false,
        "%vlocity_namespace%__MapId__c": "PreparePayloadForServiceQualificationItemCustom9242",
        "%vlocity_namespace%__OMplusSyncEnabled__c": true,
        "%vlocity_namespace%__UpsertKey__c": false,
        "Name": "PreparePayloadForServiceQualificationItem",
        "VlocityDataPackType": "SObject",
        "VlocityRecordSObjectType": "%vlocity_namespace%__DRMapItem__c"
    }
]