[
    {
        "%vlocity_namespace%__DomainObjectAPIName__c": "json",
        "%vlocity_namespace%__DomainObjectCreationOrder__c": 0,
        "%vlocity_namespace%__DomainObjectFieldAPIName__c": "QuoteMember",
        "%vlocity_namespace%__FilterGroup__c": 0,
        "%vlocity_namespace%__FilterOperator__c": "=",
        "%vlocity_namespace%__FilterValue__c": "QuoteId",
        "%vlocity_namespace%__GlobalKey__c": "a820bede-832f-4fb3-72f9-b64ca770e658",
        "%vlocity_namespace%__InterfaceFieldAPIName__c": "%vlocity_namespace%__QuoteId__c",
        "%vlocity_namespace%__InterfaceObjectLookupOrder__c": 1,
        "%vlocity_namespace%__InterfaceObjectName__c": "%vlocity_namespace%__QuoteMember__c",
        "%vlocity_namespace%__IsDisabled__c": false,
        "%vlocity_namespace%__IsRequiredForUpsert__c": false,
        "%vlocity_namespace%__MapId__c": "GetMembersFromQuote48559546059475966",
        "%vlocity_namespace%__UpsertKey__c": false,
        "Name": "GetMembersFromQuote",
        "VlocityDataPackType": "SObject",
        "VlocityRecordSObjectType": "%vlocity_namespace%__DRMapItem__c"
    },
    {
        "%vlocity_namespace%__DomainObjectAPIName__c": "json",
        "%vlocity_namespace%__DomainObjectCreationOrder__c": 1,
        "%vlocity_namespace%__DomainObjectFieldAPIName__c": "QuoteMember",
        "%vlocity_namespace%__DomainObjectFieldType__c": "List<Map>",
        "%vlocity_namespace%__GlobalKey__c": "1fe52a1c-2b8e-ab5e-1039-8278535b675b",
        "%vlocity_namespace%__IsDisabled__c": false,
        "%vlocity_namespace%__IsRequiredForUpsert__c": false,
        "%vlocity_namespace%__MapId__c": "GetMembersFromQuote5111532620494827",
        "%vlocity_namespace%__UpsertKey__c": false,
        "Name": "GetMembersFromQuote",
        "VlocityDataPackType": "SObject",
        "VlocityRecordSObjectType": "%vlocity_namespace%__DRMapItem__c"
    },
    {
        "%vlocity_namespace%__DomainObjectAPIName__c": "json",
        "%vlocity_namespace%__DomainObjectCreationOrder__c": 1,
        "%vlocity_namespace%__DomainObjectFieldAPIName__c": "QuoteMember:Address",
        "%vlocity_namespace%__GlobalKey__c": "327a1585-dc82-f499-da0e-e3c15a015067",
        "%vlocity_namespace%__InterfaceFieldAPIName__c": "QuoteMember:%vlocity_namespace%__Address1__c",
        "%vlocity_namespace%__IsDisabled__c": false,
        "%vlocity_namespace%__IsRequiredForUpsert__c": false,
        "%vlocity_namespace%__MapId__c": "GetMembersFromQuote7082309231384956",
        "%vlocity_namespace%__UpsertKey__c": false,
        "Name": "GetMembersFromQuote",
        "VlocityDataPackType": "SObject",
        "VlocityRecordSObjectType": "%vlocity_namespace%__DRMapItem__c"
    },
    {
        "%vlocity_namespace%__DomainObjectAPIName__c": "json",
        "%vlocity_namespace%__DomainObjectCreationOrder__c": 1,
        "%vlocity_namespace%__DomainObjectFieldAPIName__c": "QuoteMember:City",
        "%vlocity_namespace%__GlobalKey__c": "8f434491-fa97-6bfa-d6ed-8b0c4fbea017",
        "%vlocity_namespace%__InterfaceFieldAPIName__c": "QuoteMember:%vlocity_namespace%__City__c",
        "%vlocity_namespace%__IsDisabled__c": false,
        "%vlocity_namespace%__IsRequiredForUpsert__c": false,
        "%vlocity_namespace%__MapId__c": "GetMembersFromQuote9519748579802334",
        "%vlocity_namespace%__UpsertKey__c": false,
        "Name": "GetMembersFromQuote",
        "VlocityDataPackType": "SObject",
        "VlocityRecordSObjectType": "%vlocity_namespace%__DRMapItem__c"
    },
    {
        "%vlocity_namespace%__DomainObjectAPIName__c": "json",
        "%vlocity_namespace%__DomainObjectCreationOrder__c": 1,
        "%vlocity_namespace%__DomainObjectFieldAPIName__c": "QuoteMember:Country",
        "%vlocity_namespace%__GlobalKey__c": "1f7163b5-551d-398c-6dfe-3598a9fd5302",
        "%vlocity_namespace%__InterfaceFieldAPIName__c": "QuoteMember:%vlocity_namespace%__Country__c",
        "%vlocity_namespace%__IsDisabled__c": false,
        "%vlocity_namespace%__IsRequiredForUpsert__c": false,
        "%vlocity_namespace%__MapId__c": "GetMembersFromQuote4867848429854418",
        "%vlocity_namespace%__UpsertKey__c": false,
        "Name": "GetMembersFromQuote",
        "VlocityDataPackType": "SObject",
        "VlocityRecordSObjectType": "%vlocity_namespace%__DRMapItem__c"
    },
    {
        "%vlocity_namespace%__DomainObjectAPIName__c": "json",
        "%vlocity_namespace%__DomainObjectCreationOrder__c": 1,
        "%vlocity_namespace%__DomainObjectFieldAPIName__c": "QuoteMember:Email",
        "%vlocity_namespace%__GlobalKey__c": "128630ac-6df7-e6b3-9713-818600bc3d8b",
        "%vlocity_namespace%__InterfaceFieldAPIName__c": "QuoteMember:%vlocity_namespace%__Email__c",
        "%vlocity_namespace%__IsDisabled__c": false,
        "%vlocity_namespace%__IsRequiredForUpsert__c": false,
        "%vlocity_namespace%__MapId__c": "GetMembersFromQuote31839536068478624",
        "%vlocity_namespace%__UpsertKey__c": false,
        "Name": "GetMembersFromQuote",
        "VlocityDataPackType": "SObject",
        "VlocityRecordSObjectType": "%vlocity_namespace%__DRMapItem__c"
    },
    {
        "%vlocity_namespace%__DomainObjectAPIName__c": "json",
        "%vlocity_namespace%__DomainObjectCreationOrder__c": 1,
        "%vlocity_namespace%__DomainObjectFieldAPIName__c": "QuoteMember:FirstName",
        "%vlocity_namespace%__GlobalKey__c": "f19aef29-5305-52ea-e1e3-a03083cfcbe3",
        "%vlocity_namespace%__InterfaceFieldAPIName__c": "QuoteMember:%vlocity_namespace%__FirstName__c",
        "%vlocity_namespace%__IsDisabled__c": false,
        "%vlocity_namespace%__IsRequiredForUpsert__c": false,
        "%vlocity_namespace%__MapId__c": "GetMembersFromQuote3404634567982585",
        "%vlocity_namespace%__UpsertKey__c": false,
        "Name": "GetMembersFromQuote",
        "VlocityDataPackType": "SObject",
        "VlocityRecordSObjectType": "%vlocity_namespace%__DRMapItem__c"
    },
    {
        "%vlocity_namespace%__DomainObjectAPIName__c": "json",
        "%vlocity_namespace%__DomainObjectCreationOrder__c": 1,
        "%vlocity_namespace%__DomainObjectFieldAPIName__c": "QuoteMember:Id",
        "%vlocity_namespace%__GlobalKey__c": "96534112-77d1-9bd2-81bc-62bdb1d2f2c2",
        "%vlocity_namespace%__InterfaceFieldAPIName__c": "QuoteMember:Id",
        "%vlocity_namespace%__IsDisabled__c": false,
        "%vlocity_namespace%__IsRequiredForUpsert__c": false,
        "%vlocity_namespace%__MapId__c": "GetMembersFromQuote5511466802609475",
        "%vlocity_namespace%__UpsertKey__c": false,
        "Name": "GetMembersFromQuote",
        "VlocityDataPackType": "SObject",
        "VlocityRecordSObjectType": "%vlocity_namespace%__DRMapItem__c"
    },
    {
        "%vlocity_namespace%__DomainObjectAPIName__c": "json",
        "%vlocity_namespace%__DomainObjectCreationOrder__c": 1,
        "%vlocity_namespace%__DomainObjectFieldAPIName__c": "QuoteMember:LastName",
        "%vlocity_namespace%__GlobalKey__c": "a5f63655-fbe3-a8b3-8271-00ad8a4da81d",
        "%vlocity_namespace%__InterfaceFieldAPIName__c": "QuoteMember:%vlocity_namespace%__LastName__c",
        "%vlocity_namespace%__IsDisabled__c": false,
        "%vlocity_namespace%__IsRequiredForUpsert__c": false,
        "%vlocity_namespace%__MapId__c": "GetMembersFromQuote8977780209352473",
        "%vlocity_namespace%__UpsertKey__c": false,
        "Name": "GetMembersFromQuote",
        "VlocityDataPackType": "SObject",
        "VlocityRecordSObjectType": "%vlocity_namespace%__DRMapItem__c"
    },
    {
        "%vlocity_namespace%__DomainObjectAPIName__c": "json",
        "%vlocity_namespace%__DomainObjectCreationOrder__c": 1,
        "%vlocity_namespace%__DomainObjectFieldAPIName__c": "QuoteMember:Name",
        "%vlocity_namespace%__GlobalKey__c": "d6d44932-3274-b999-9893-6423fff03e18",
        "%vlocity_namespace%__InterfaceFieldAPIName__c": "QuoteMember:Name",
        "%vlocity_namespace%__IsDisabled__c": false,
        "%vlocity_namespace%__IsRequiredForUpsert__c": false,
        "%vlocity_namespace%__MapId__c": "GetMembersFromQuote6803566971336663",
        "%vlocity_namespace%__UpsertKey__c": false,
        "Name": "GetMembersFromQuote",
        "VlocityDataPackType": "SObject",
        "VlocityRecordSObjectType": "%vlocity_namespace%__DRMapItem__c"
    },
    {
        "%vlocity_namespace%__DomainObjectAPIName__c": "json",
        "%vlocity_namespace%__DomainObjectCreationOrder__c": 1,
        "%vlocity_namespace%__DomainObjectFieldAPIName__c": "QuoteMember:ServiceAccountId",
        "%vlocity_namespace%__GlobalKey__c": "c6706b9b-1d7e-5ad8-3d74-c2c056bdb0f9",
        "%vlocity_namespace%__InterfaceFieldAPIName__c": "QuoteMember:%vlocity_namespace%__ServiceAccountId__c",
        "%vlocity_namespace%__IsDisabled__c": false,
        "%vlocity_namespace%__IsRequiredForUpsert__c": false,
        "%vlocity_namespace%__MapId__c": "GetMembersFromQuote4852902660058611",
        "%vlocity_namespace%__UpsertKey__c": false,
        "Name": "GetMembersFromQuote",
        "VlocityDataPackType": "SObject",
        "VlocityRecordSObjectType": "%vlocity_namespace%__DRMapItem__c"
    },
    {
        "%vlocity_namespace%__DomainObjectAPIName__c": "json",
        "%vlocity_namespace%__DomainObjectCreationOrder__c": 1,
        "%vlocity_namespace%__DomainObjectFieldAPIName__c": "QuoteMember:State",
        "%vlocity_namespace%__GlobalKey__c": "66586667-5fa4-a1ce-457c-e8afaa423de3",
        "%vlocity_namespace%__InterfaceFieldAPIName__c": "QuoteMember:%vlocity_namespace%__State__c",
        "%vlocity_namespace%__IsDisabled__c": false,
        "%vlocity_namespace%__IsRequiredForUpsert__c": false,
        "%vlocity_namespace%__MapId__c": "GetMembersFromQuote07418591299694999",
        "%vlocity_namespace%__UpsertKey__c": false,
        "Name": "GetMembersFromQuote",
        "VlocityDataPackType": "SObject",
        "VlocityRecordSObjectType": "%vlocity_namespace%__DRMapItem__c"
    }
]