{
    "%vlocity_namespace%__BatchSize__c": "",
    "%vlocity_namespace%__CheckFieldLevelSecurity__c": false,
    "%vlocity_namespace%__CustomInputClass__c": "",
    "%vlocity_namespace%__CustomOutputClass__c": "",
    "%vlocity_namespace%__DRMapItem__c": "ESMSelfServiceGetChildrenAssetsIdsFromInput_Mappings.json",
    "%vlocity_namespace%__DRMapName__c": "ESMSelfServiceGetChildrenAssetsIdsFromInput",
    "%vlocity_namespace%__DeleteOnSuccess__c": false,
    "%vlocity_namespace%__Description__c": "This DR is to get all the root and child asset Ids in form of a list",
    "%vlocity_namespace%__GlobalKey__c": "1e3233e5-7e35-d9a5-c5a3-5d62ec22f202",
    "%vlocity_namespace%__IgnoreErrors__c": false,
    "%vlocity_namespace%__InputCustom__c": "",
    "%vlocity_namespace%__InputJson__c": "ESMSelfServiceGetChildrenAssetsIdsFromInput_InputJson.json",
    "%vlocity_namespace%__InputType__c": "JSON",
    "%vlocity_namespace%__InputXml__c": "",
    "%vlocity_namespace%__InterfaceObject__c": "json",
    "%vlocity_namespace%__IsDefaultForInterface__c": false,
    "%vlocity_namespace%__IsProcessSuperBulk__c": false,
    "%vlocity_namespace%__OMplusSyncEnabled__c": true,
    "%vlocity_namespace%__OuboundStagingObjectDataField__c": "",
    "%vlocity_namespace%__OutboundConfigurationField__c": "",
    "%vlocity_namespace%__OutboundConfigurationName__c": "",
    "%vlocity_namespace%__OutboundStagingObjectName__c": "",
    "%vlocity_namespace%__OutputType__c": "JSON",
    "%vlocity_namespace%__OverwriteAllNullValues__c": false,
    "%vlocity_namespace%__PreprocessorClassName__c": "",
    "%vlocity_namespace%__ProcessNowThreshold__c": "",
    "%vlocity_namespace%__RequiredPermission__c": "",
    "%vlocity_namespace%__RollbackOnError__c": false,
    "%vlocity_namespace%__SalesforcePlatformCacheType__c": "",
    "%vlocity_namespace%__SampleInputCustom__c": "",
    "%vlocity_namespace%__SampleInputJSON__c": "ESMSelfServiceGetChildrenAssetsIdsFromInput_SampleInputJson.json",
    "%vlocity_namespace%__SampleInputRows__c": "",
    "%vlocity_namespace%__SampleInputXML__c": "",
    "%vlocity_namespace%__TargetOutCustom__c": "",
    "%vlocity_namespace%__TargetOutDocuSignTemplateId__c": "",
    "%vlocity_namespace%__TargetOutJson__c": "",
    "%vlocity_namespace%__TargetOutPdfDocName__c": "",
    "%vlocity_namespace%__TargetOutXml__c": "",
    "%vlocity_namespace%__TimeToLiveMinutes__c": "",
    "%vlocity_namespace%__Type__c": "Transform",
    "%vlocity_namespace%__UseAssignmentRules__c": false,
    "%vlocity_namespace%__UseTranslations__c": false,
    "%vlocity_namespace%__XmlOutputSequence__c": "",
    "%vlocity_namespace%__XmlRemoveDeclaration__c": false,
    "Name": "ESMSelfServiceGetChildrenAssetsIdsFromInput",
    "VlocityDataPackType": "SObject",
    "VlocityRecordSObjectType": "%vlocity_namespace%__DRBundle__c",
    "VlocityRecordSourceKey": "%vlocity_namespace%__DRBundle__c/ESMSelfServiceGetChildrenAssetsIdsFromInput"
}