[
    {
        "%vlocity_namespace%__DomainObjectAPIName__c": "Formula",
        "%vlocity_namespace%__DomainObjectCreationOrder__c": 0,
        "%vlocity_namespace%__DomainObjectFieldAPIName__c": "Formula",
        "%vlocity_namespace%__FormulaOrder__c": 1,
        "%vlocity_namespace%__FormulaResultPath__c": "assetIdList",
        "%vlocity_namespace%__Formula__c": "FUNCTION('ESMSelfServiceCustomFunctions','getChildrenIdsList',Assets)",
        "%vlocity_namespace%__GlobalKey__c": "e79e295e-bce4-ef35-2c61-093d5e73c376",
        "%vlocity_namespace%__IsDisabled__c": false,
        "%vlocity_namespace%__IsRequiredForUpsert__c": false,
        "%vlocity_namespace%__MapId__c": "ESMSelfServiceGetChildrenAssetsIdsFromInput2320240625073564",
        "%vlocity_namespace%__OMplusSyncEnabled__c": true,
        "%vlocity_namespace%__UpsertKey__c": false,
        "Name": "ESMSelfServiceGetChildrenAssetsIdsFromInput",
        "VlocityDataPackType": "SObject",
        "VlocityRecordSObjectType": "%vlocity_namespace%__DRMapItem__c"
    },
    {
        "%vlocity_namespace%__DomainObjectAPIName__c": "json",
        "%vlocity_namespace%__DomainObjectCreationOrder__c": 1,
        "%vlocity_namespace%__DomainObjectFieldAPIName__c": "assetIdList",
        "%vlocity_namespace%__GlobalKey__c": "c3ec7c36-6b41-d626-2e7c-28a2b31ca106",
        "%vlocity_namespace%__InterfaceFieldAPIName__c": "assetIdList",
        "%vlocity_namespace%__IsDisabled__c": false,
        "%vlocity_namespace%__IsRequiredForUpsert__c": false,
        "%vlocity_namespace%__MapId__c": "ESMSelfServiceGetChildrenAssetsIdsFromInput9662414557568437",
        "%vlocity_namespace%__OMplusSyncEnabled__c": true,
        "%vlocity_namespace%__UpsertKey__c": false,
        "Name": "ESMSelfServiceGetChildrenAssetsIdsFromInput",
        "VlocityDataPackType": "SObject",
        "VlocityRecordSObjectType": "%vlocity_namespace%__DRMapItem__c"
    }
]