{
    "Assets": [
        {
            "%vlocity_namespace%__AssetReferenceId__c": "3a2317c7-6d99-44bb-2252-8ae6ac3e8881",
            "%vlocity_namespace%__ParentItemId__c": null,
            "%vlocity_namespace%__RootItemId__c": "3a2317c7-6d99-44bb-2252-8ae6ac3e8881",
            "Children": [
                {
                    "%vlocity_namespace%__AssetReferenceId__c": "69f4c77c-0bbb-77f8-34a5-56026a6d41f5",
                    "%vlocity_namespace%__ParentItemId__c": "3a2317c7-6d99-44bb-2252-8ae6ac3e8881",
                    "%vlocity_namespace%__RootItemId__c": "3a2317c7-6d99-44bb-2252-8ae6ac3e8881",
                    "Children": [
                    ],
                    "Id": "02iRN0000006rUrYAI"
                },
                {
                    "%vlocity_namespace%__AssetReferenceId__c": "0759ee66-d9f8-367d-3c23-f704f16f8078",
                    "%vlocity_namespace%__ParentItemId__c": "3a2317c7-6d99-44bb-2252-8ae6ac3e8881",
                    "%vlocity_namespace%__RootItemId__c": "3a2317c7-6d99-44bb-2252-8ae6ac3e8881",
                    "Children": [
                    ],
                    "Id": "02iRN0000006rUsYAI"
                },
                {
                    "%vlocity_namespace%__AssetReferenceId__c": "2471c9b3-b32c-9e68-ce1b-eb12b5e94a67",
                    "%vlocity_namespace%__ParentItemId__c": "3a2317c7-6d99-44bb-2252-8ae6ac3e8881",
                    "%vlocity_namespace%__RootItemId__c": "3a2317c7-6d99-44bb-2252-8ae6ac3e8881",
                    "Children": [
                    ],
                    "Id": "02iRN0000006rUtYAI"
                },
                {
                    "%vlocity_namespace%__AssetReferenceId__c": "58ed798e-557b-59b8-fa5b-05f6cbad3ce1",
                    "%vlocity_namespace%__ParentItemId__c": "3a2317c7-6d99-44bb-2252-8ae6ac3e8881",
                    "%vlocity_namespace%__RootItemId__c": "3a2317c7-6d99-44bb-2252-8ae6ac3e8881",
                    "Children": [
                    ],
                    "Id": "02iRN0000006rUuYAI"
                },
                {
                    "%vlocity_namespace%__AssetReferenceId__c": "c4e55f29-cbaa-f48a-02f5-15241cf6f6d8",
                    "%vlocity_namespace%__ParentItemId__c": "3a2317c7-6d99-44bb-2252-8ae6ac3e8881",
                    "%vlocity_namespace%__RootItemId__c": "3a2317c7-6d99-44bb-2252-8ae6ac3e8881",
                    "Children": [
                    ],
                    "Id": "02iRN0000006rUvYAI"
                },
                {
                    "%vlocity_namespace%__AssetReferenceId__c": "26cf1a17-25b4-e6d7-7914-bc0d41c49872",
                    "%vlocity_namespace%__ParentItemId__c": "3a2317c7-6d99-44bb-2252-8ae6ac3e8881",
                    "%vlocity_namespace%__RootItemId__c": "3a2317c7-6d99-44bb-2252-8ae6ac3e8881",
                    "Children": [
                    ],
                    "Id": "02iRN0000006rUwYAI"
                }
            ],
            "Id": "02iRN0000006rUqYAI"
        },
        {
            "%vlocity_namespace%__AssetReferenceId__c": "3a2317c7-6d99-44bb-2252-8ae6ac3e8881",
            "%vlocity_namespace%__ParentItemId__c": null,
            "%vlocity_namespace%__RootItemId__c": "3a2317c7-6d99-44bb-2252-8ae6ac3e8881",
            "Children": [
                {
                    "%vlocity_namespace%__AssetReferenceId__c": "69f4c77c-0bbb-77f8-34a5-56026a6d41f5",
                    "%vlocity_namespace%__ParentItemId__c": "3a2317c7-6d99-44bb-2252-8ae6ac3e8881",
                    "%vlocity_namespace%__RootItemId__c": "3a2317c7-6d99-44bb-2252-8ae6ac3e8881",
                    "Children": [
                    ],
                    "Id": "02iRN0000006rUrYAI"
                },
                {
                    "%vlocity_namespace%__AssetReferenceId__c": "0759ee66-d9f8-367d-3c23-f704f16f8078",
                    "%vlocity_namespace%__ParentItemId__c": "3a2317c7-6d99-44bb-2252-8ae6ac3e8881",
                    "%vlocity_namespace%__RootItemId__c": "3a2317c7-6d99-44bb-2252-8ae6ac3e8881",
                    "Children": [
                    ],
                    "Id": "02iRN0000006rUsYAI"
                },
                {
                    "%vlocity_namespace%__AssetReferenceId__c": "2471c9b3-b32c-9e68-ce1b-eb12b5e94a67",
                    "%vlocity_namespace%__ParentItemId__c": "3a2317c7-6d99-44bb-2252-8ae6ac3e8881",
                    "%vlocity_namespace%__RootItemId__c": "3a2317c7-6d99-44bb-2252-8ae6ac3e8881",
                    "Children": [
                    ],
                    "Id": "02iRN0000006rUtYAI"
                },
                {
                    "%vlocity_namespace%__AssetReferenceId__c": "58ed798e-557b-59b8-fa5b-05f6cbad3ce1",
                    "%vlocity_namespace%__ParentItemId__c": "3a2317c7-6d99-44bb-2252-8ae6ac3e8881",
                    "%vlocity_namespace%__RootItemId__c": "3a2317c7-6d99-44bb-2252-8ae6ac3e8881",
                    "Children": [
                    ],
                    "Id": "02iRN0000006rUuYAI"
                },
                {
                    "%vlocity_namespace%__AssetReferenceId__c": "c4e55f29-cbaa-f48a-02f5-15241cf6f6d8",
                    "%vlocity_namespace%__ParentItemId__c": "3a2317c7-6d99-44bb-2252-8ae6ac3e8881",
                    "%vlocity_namespace%__RootItemId__c": "3a2317c7-6d99-44bb-2252-8ae6ac3e8881",
                    "Children": [
                    ],
                    "Id": "02iRN0000006rUvYAI"
                },
                {
                    "%vlocity_namespace%__AssetReferenceId__c": "26cf1a17-25b4-e6d7-7914-bc0d41c49872",
                    "%vlocity_namespace%__ParentItemId__c": "3a2317c7-6d99-44bb-2252-8ae6ac3e8881",
                    "%vlocity_namespace%__RootItemId__c": "3a2317c7-6d99-44bb-2252-8ae6ac3e8881",
                    "Children": [
                    ],
                    "Id": "02iRN0000006rUwYAI"
                }
            ],
            "Id": "02iRN0000006rUqYAI"
        }
    ]
}