[
    {
        "%vlocity_namespace%__DomainObjectAPIName__c": "Formula",
        "%vlocity_namespace%__DomainObjectCreationOrder__c": 0,
        "%vlocity_namespace%__DomainObjectFieldAPIName__c": "Formula",
        "%vlocity_namespace%__FormulaOrder__c": 1,
        "%vlocity_namespace%__FormulaResultPath__c": "messages:errorMessage",
        "%vlocity_namespace%__Formula__c": "IF((NOT(data:canCreateFDO) && data:noRequestDateTime),'Cannot add asset to order as there is no request Start date in the order', '' )",
        "%vlocity_namespace%__GlobalKey__c": "cb1fbf91-4dea-eced-537e-aca8020dcfac",
        "%vlocity_namespace%__IsDisabled__c": false,
        "%vlocity_namespace%__IsRequiredForUpsert__c": false,
        "%vlocity_namespace%__MapId__c": "ESMSelfServiceCanCreateFailureMessageCustoma1h8Z000003fWNtQAMItem0",
        "%vlocity_namespace%__OMplusSyncEnabled__c": true,
        "%vlocity_namespace%__UpsertKey__c": false,
        "Name": "ESMSelfServiceCanCreateFailureMessage",
        "VlocityDataPackType": "SObject",
        "VlocityRecordSObjectType": "%vlocity_namespace%__DRMapItem__c"
    },
    {
        "%vlocity_namespace%__DomainObjectAPIName__c": "Formula",
        "%vlocity_namespace%__DomainObjectCreationOrder__c": 0,
        "%vlocity_namespace%__DomainObjectFieldAPIName__c": "Formula",
        "%vlocity_namespace%__FormulaOrder__c": 2,
        "%vlocity_namespace%__FormulaResultPath__c": "messages:errorMessage",
        "%vlocity_namespace%__Formula__c": "IF((NOT(data:canCreateFDO) && data:disconnectedAssets && messages:errorMessage == ''),'Assets cannot be modified because a request has already been made to disconnect it.', messages:errorMessage )",
        "%vlocity_namespace%__GlobalKey__c": "827f8e02-ca1d-2a5b-8828-7fcffec35ccb",
        "%vlocity_namespace%__IsDisabled__c": false,
        "%vlocity_namespace%__IsRequiredForUpsert__c": false,
        "%vlocity_namespace%__MapId__c": "ESMSelfServiceCanCreateFailureMessageCustoma1h8Z000003fWNtQAMItem1",
        "%vlocity_namespace%__OMplusSyncEnabled__c": true,
        "%vlocity_namespace%__UpsertKey__c": false,
        "Name": "ESMSelfServiceCanCreateFailureMessage",
        "VlocityDataPackType": "SObject",
        "VlocityRecordSObjectType": "%vlocity_namespace%__DRMapItem__c"
    },
    {
        "%vlocity_namespace%__DomainObjectAPIName__c": "Formula",
        "%vlocity_namespace%__DomainObjectCreationOrder__c": 0,
        "%vlocity_namespace%__DomainObjectFieldAPIName__c": "Formula",
        "%vlocity_namespace%__FormulaOrder__c": 3,
        "%vlocity_namespace%__FormulaResultPath__c": "messages:errorMessage",
        "%vlocity_namespace%__Formula__c": "IF((NOT(data:canCreateFDO) && NOT(data:disconnectedAssets) && messages:errorMessage == ''),'Can not create the Order as there is already an Order with Request Date greater than Order Request Date',messages:errorMessage )",
        "%vlocity_namespace%__GlobalKey__c": "f876a89b-6688-5258-aee8-d9099d8a5ea0",
        "%vlocity_namespace%__IsDisabled__c": false,
        "%vlocity_namespace%__IsRequiredForUpsert__c": false,
        "%vlocity_namespace%__MapId__c": "ESMSelfServiceCanCreateFailureMessageCustoma1h8Z000003fWNtQAMItem2",
        "%vlocity_namespace%__OMplusSyncEnabled__c": true,
        "%vlocity_namespace%__UpsertKey__c": false,
        "Name": "ESMSelfServiceCanCreateFailureMessage",
        "VlocityDataPackType": "SObject",
        "VlocityRecordSObjectType": "%vlocity_namespace%__DRMapItem__c"
    },
    {
        "%vlocity_namespace%__DomainObjectAPIName__c": "Formula",
        "%vlocity_namespace%__DomainObjectCreationOrder__c": 0,
        "%vlocity_namespace%__DomainObjectFieldAPIName__c": "Formula",
        "%vlocity_namespace%__FormulaOrder__c": 4,
        "%vlocity_namespace%__FormulaResultPath__c": "messages:message",
        "%vlocity_namespace%__Formula__c": "IF((messages:errorMessage != ''),messages:errorMessage,messages:message)",
        "%vlocity_namespace%__GlobalKey__c": "0c691581-4721-dedc-4142-a1c617ed08e8",
        "%vlocity_namespace%__IsDisabled__c": false,
        "%vlocity_namespace%__IsRequiredForUpsert__c": false,
        "%vlocity_namespace%__MapId__c": "ESMSelfServiceCanCreateFailureMessageCustoma1h8Z000003fWNtQAMItem3",
        "%vlocity_namespace%__OMplusSyncEnabled__c": true,
        "%vlocity_namespace%__UpsertKey__c": false,
        "Name": "ESMSelfServiceCanCreateFailureMessage",
        "VlocityDataPackType": "SObject",
        "VlocityRecordSObjectType": "%vlocity_namespace%__DRMapItem__c"
    },
    {
        "%vlocity_namespace%__DomainObjectAPIName__c": "json",
        "%vlocity_namespace%__DomainObjectCreationOrder__c": 1,
        "%vlocity_namespace%__DomainObjectFieldAPIName__c": "data",
        "%vlocity_namespace%__GlobalKey__c": "e0555410-e46d-74a4-61ae-507bf0278145",
        "%vlocity_namespace%__InterfaceFieldAPIName__c": "data",
        "%vlocity_namespace%__IsDisabled__c": false,
        "%vlocity_namespace%__IsRequiredForUpsert__c": false,
        "%vlocity_namespace%__MapId__c": "ESMSelfServiceCanCreateFailureMessageCustoma1h8Z000003fWNtQAMItem4",
        "%vlocity_namespace%__OMplusSyncEnabled__c": true,
        "%vlocity_namespace%__UpsertKey__c": false,
        "Name": "ESMSelfServiceCanCreateFailureMessage",
        "VlocityDataPackType": "SObject",
        "VlocityRecordSObjectType": "%vlocity_namespace%__DRMapItem__c"
    },
    {
        "%vlocity_namespace%__DomainObjectAPIName__c": "json",
        "%vlocity_namespace%__DomainObjectCreationOrder__c": 1,
        "%vlocity_namespace%__DomainObjectFieldAPIName__c": "messages",
        "%vlocity_namespace%__GlobalKey__c": "15314533-444c-d1b5-e56b-f5605ab7cf2b",
        "%vlocity_namespace%__InterfaceFieldAPIName__c": "messages",
        "%vlocity_namespace%__IsDisabled__c": false,
        "%vlocity_namespace%__IsRequiredForUpsert__c": false,
        "%vlocity_namespace%__MapId__c": "ESMSelfServiceCanCreateFailureMessageCustoma1h8Z000003fWNtQAMItem5",
        "%vlocity_namespace%__OMplusSyncEnabled__c": true,
        "%vlocity_namespace%__UpsertKey__c": false,
        "Name": "ESMSelfServiceCanCreateFailureMessage",
        "VlocityDataPackType": "SObject",
        "VlocityRecordSObjectType": "%vlocity_namespace%__DRMapItem__c"
    },
    {
        "%vlocity_namespace%__DomainObjectAPIName__c": "json",
        "%vlocity_namespace%__DomainObjectCreationOrder__c": 1,
        "%vlocity_namespace%__DomainObjectFieldAPIName__c": "messages:message",
        "%vlocity_namespace%__GlobalKey__c": "ebfd8532-4751-6533-f896-e84021ff9bc7",
        "%vlocity_namespace%__InterfaceFieldAPIName__c": "consolidatedMsg",
        "%vlocity_namespace%__IsDisabled__c": false,
        "%vlocity_namespace%__IsRequiredForUpsert__c": false,
        "%vlocity_namespace%__MapId__c": "ESMSelfServiceCanCreateFailureMessageCustoma1h8Z000003fWNtQAMItem6",
        "%vlocity_namespace%__OMplusSyncEnabled__c": true,
        "%vlocity_namespace%__UpsertKey__c": false,
        "Name": "ESMSelfServiceCanCreateFailureMessage",
        "VlocityDataPackType": "SObject",
        "VlocityRecordSObjectType": "%vlocity_namespace%__DRMapItem__c"
    },
    {
        "%vlocity_namespace%__DomainObjectAPIName__c": "json",
        "%vlocity_namespace%__DomainObjectCreationOrder__c": 1,
        "%vlocity_namespace%__DomainObjectFieldAPIName__c": "totalSize",
        "%vlocity_namespace%__GlobalKey__c": "25f101c5-619b-2583-78a0-d7c148d38429",
        "%vlocity_namespace%__InterfaceFieldAPIName__c": "totalSize",
        "%vlocity_namespace%__IsDisabled__c": false,
        "%vlocity_namespace%__IsRequiredForUpsert__c": false,
        "%vlocity_namespace%__MapId__c": "ESMSelfServiceCanCreateFailureMessageCustoma1h8Z000003fWNtQAMItem7",
        "%vlocity_namespace%__OMplusSyncEnabled__c": true,
        "%vlocity_namespace%__UpsertKey__c": false,
        "Name": "ESMSelfServiceCanCreateFailureMessage",
        "VlocityDataPackType": "SObject",
        "VlocityRecordSObjectType": "%vlocity_namespace%__DRMapItem__c"
    }
]