[
    {
        "%vlocity_namespace%__DomainObjectAPIName__c": "json",
        "%vlocity_namespace%__DomainObjectCreationOrder__c": 0,
        "%vlocity_namespace%__DomainObjectFieldAPIName__c": "QuoteGroup",
        "%vlocity_namespace%__FilterGroup__c": 0,
        "%vlocity_namespace%__FilterOperator__c": "=",
        "%vlocity_namespace%__FilterValue__c": "ContextId",
        "%vlocity_namespace%__GlobalKey__c": "78a2ed82-90f7-b457-8a45-955b3c733373",
        "%vlocity_namespace%__InterfaceFieldAPIName__c": "Id",
        "%vlocity_namespace%__InterfaceObjectLookupOrder__c": 1,
        "%vlocity_namespace%__InterfaceObjectName__c": "%vlocity_namespace%__QuoteGroup__c",
        "%vlocity_namespace%__IsDisabled__c": false,
        "%vlocity_namespace%__IsRequiredForUpsert__c": false,
        "%vlocity_namespace%__MapId__c": "ESMGetGroupAndMembersCustom9588",
        "%vlocity_namespace%__OMplusSyncEnabled__c": true,
        "%vlocity_namespace%__UpsertKey__c": false,
        "Name": "ESMGetGroupAndMembers",
        "VlocityDataPackType": "SObject",
        "VlocityRecordSObjectType": "%vlocity_namespace%__DRMapItem__c"
    },
    {
        "%vlocity_namespace%__DomainObjectAPIName__c": "json",
        "%vlocity_namespace%__DomainObjectCreationOrder__c": 0,
        "%vlocity_namespace%__DomainObjectFieldAPIName__c": "QuoteMember",
        "%vlocity_namespace%__FilterGroup__c": 0,
        "%vlocity_namespace%__FilterOperator__c": "=",
        "%vlocity_namespace%__FilterValue__c": "ContextId",
        "%vlocity_namespace%__GlobalKey__c": "b9abda72-0a57-4a1f-369e-e4156b8d2314",
        "%vlocity_namespace%__InterfaceFieldAPIName__c": "%vlocity_namespace%__QuoteGroupId__c",
        "%vlocity_namespace%__InterfaceObjectLookupOrder__c": 2,
        "%vlocity_namespace%__InterfaceObjectName__c": "%vlocity_namespace%__QuoteMember__c",
        "%vlocity_namespace%__IsDisabled__c": false,
        "%vlocity_namespace%__IsRequiredForUpsert__c": false,
        "%vlocity_namespace%__MapId__c": "ESMGetGroupAndMembersCustom5638",
        "%vlocity_namespace%__OMplusSyncEnabled__c": true,
        "%vlocity_namespace%__UpsertKey__c": false,
        "Name": "ESMGetGroupAndMembers",
        "VlocityDataPackType": "SObject",
        "VlocityRecordSObjectType": "%vlocity_namespace%__DRMapItem__c"
    },
    {
        "%vlocity_namespace%__DomainObjectAPIName__c": "json",
        "%vlocity_namespace%__DomainObjectCreationOrder__c": 1,
        "%vlocity_namespace%__DomainObjectFieldAPIName__c": "QuoteGroup:ExpectedMemberCount",
        "%vlocity_namespace%__GlobalKey__c": "a6f57bac-b78f-30b6-8e5d-60d45b815185",
        "%vlocity_namespace%__InterfaceFieldAPIName__c": "QuoteGroup:%vlocity_namespace%__ExpectedMemberCount__c",
        "%vlocity_namespace%__IsDisabled__c": false,
        "%vlocity_namespace%__IsRequiredForUpsert__c": false,
        "%vlocity_namespace%__MapId__c": "ESMGetGroupAndMembersCustom3518",
        "%vlocity_namespace%__OMplusSyncEnabled__c": true,
        "%vlocity_namespace%__UpsertKey__c": false,
        "Name": "ESMGetGroupAndMembers",
        "VlocityDataPackType": "SObject",
        "VlocityRecordSObjectType": "%vlocity_namespace%__DRMapItem__c"
    },
    {
        "%vlocity_namespace%__DomainObjectAPIName__c": "json",
        "%vlocity_namespace%__DomainObjectCreationOrder__c": 1,
        "%vlocity_namespace%__DomainObjectFieldAPIName__c": "QuoteGroup:Id",
        "%vlocity_namespace%__GlobalKey__c": "af375ffa-2e7a-2587-5283-2fec73efd063",
        "%vlocity_namespace%__InterfaceFieldAPIName__c": "QuoteGroup:Id",
        "%vlocity_namespace%__IsDisabled__c": false,
        "%vlocity_namespace%__IsRequiredForUpsert__c": false,
        "%vlocity_namespace%__MapId__c": "ESMGetGroupAndMembersCustom442",
        "%vlocity_namespace%__OMplusSyncEnabled__c": true,
        "%vlocity_namespace%__UpsertKey__c": false,
        "Name": "ESMGetGroupAndMembers",
        "VlocityDataPackType": "SObject",
        "VlocityRecordSObjectType": "%vlocity_namespace%__DRMapItem__c"
    },
    {
        "%vlocity_namespace%__DomainObjectAPIName__c": "json",
        "%vlocity_namespace%__DomainObjectCreationOrder__c": 1,
        "%vlocity_namespace%__DomainObjectFieldAPIName__c": "QuoteGroup:MemberCount",
        "%vlocity_namespace%__GlobalKey__c": "5839bdec-0c54-d754-acfe-59d04036129b",
        "%vlocity_namespace%__InterfaceFieldAPIName__c": "QuoteGroup:%vlocity_namespace%__MemberCount__c",
        "%vlocity_namespace%__IsDisabled__c": false,
        "%vlocity_namespace%__IsRequiredForUpsert__c": false,
        "%vlocity_namespace%__MapId__c": "ESMGetGroupAndMembersCustom6882",
        "%vlocity_namespace%__OMplusSyncEnabled__c": true,
        "%vlocity_namespace%__UpsertKey__c": false,
        "Name": "ESMGetGroupAndMembers",
        "VlocityDataPackType": "SObject",
        "VlocityRecordSObjectType": "%vlocity_namespace%__DRMapItem__c"
    },
    {
        "%vlocity_namespace%__DomainObjectAPIName__c": "json",
        "%vlocity_namespace%__DomainObjectCreationOrder__c": 1,
        "%vlocity_namespace%__DomainObjectFieldAPIName__c": "QuoteGroup:MemberType",
        "%vlocity_namespace%__GlobalKey__c": "2f51ab30-fc36-72a4-d4f4-c6adc306372e",
        "%vlocity_namespace%__InterfaceFieldAPIName__c": "QuoteGroup:%vlocity_namespace%__MemberType__c",
        "%vlocity_namespace%__IsDisabled__c": false,
        "%vlocity_namespace%__IsRequiredForUpsert__c": false,
        "%vlocity_namespace%__MapId__c": "ESMGetGroupAndMembersCustom5648",
        "%vlocity_namespace%__OMplusSyncEnabled__c": true,
        "%vlocity_namespace%__UpsertKey__c": false,
        "Name": "ESMGetGroupAndMembers",
        "VlocityDataPackType": "SObject",
        "VlocityRecordSObjectType": "%vlocity_namespace%__DRMapItem__c"
    },
    {
        "%vlocity_namespace%__DomainObjectAPIName__c": "json",
        "%vlocity_namespace%__DomainObjectCreationOrder__c": 1,
        "%vlocity_namespace%__DomainObjectFieldAPIName__c": "QuoteGroup:QuoteMember",
        "%vlocity_namespace%__DomainObjectFieldType__c": "List<Map>",
        "%vlocity_namespace%__GlobalKey__c": "4967d645-aaf3-b584-a35a-007340782ed7",
        "%vlocity_namespace%__IsDisabled__c": false,
        "%vlocity_namespace%__IsRequiredForUpsert__c": false,
        "%vlocity_namespace%__MapId__c": "ESMGetGroupAndMembersCustom8684",
        "%vlocity_namespace%__OMplusSyncEnabled__c": true,
        "%vlocity_namespace%__UpsertKey__c": false,
        "Name": "ESMGetGroupAndMembers",
        "VlocityDataPackType": "SObject",
        "VlocityRecordSObjectType": "%vlocity_namespace%__DRMapItem__c"
    },
    {
        "%vlocity_namespace%__DomainObjectAPIName__c": "json",
        "%vlocity_namespace%__DomainObjectCreationOrder__c": 1,
        "%vlocity_namespace%__DomainObjectFieldAPIName__c": "QuoteGroup:QuoteMember:%vlocity_namespace%__Address1__c",
        "%vlocity_namespace%__GlobalKey__c": "2a746b4d-8dde-77d6-4c59-06d912e7289d",
        "%vlocity_namespace%__InterfaceFieldAPIName__c": "QuoteMember:%vlocity_namespace%__Address1__c",
        "%vlocity_namespace%__IsDisabled__c": false,
        "%vlocity_namespace%__IsRequiredForUpsert__c": false,
        "%vlocity_namespace%__MapId__c": "ESMGetGroupAndMembersCustom850",
        "%vlocity_namespace%__OMplusSyncEnabled__c": true,
        "%vlocity_namespace%__UpsertKey__c": false,
        "Name": "ESMGetGroupAndMembers",
        "VlocityDataPackType": "SObject",
        "VlocityRecordSObjectType": "%vlocity_namespace%__DRMapItem__c"
    },
    {
        "%vlocity_namespace%__DomainObjectAPIName__c": "json",
        "%vlocity_namespace%__DomainObjectCreationOrder__c": 1,
        "%vlocity_namespace%__DomainObjectFieldAPIName__c": "QuoteGroup:QuoteMember:%vlocity_namespace%__AddressValidationDate__c",
        "%vlocity_namespace%__GlobalKey__c": "1c6fd372-7fc2-ce8a-4018-f851bfa4fc14",
        "%vlocity_namespace%__InterfaceFieldAPIName__c": "QuoteMember:%vlocity_namespace%__AddressValidationDate__c",
        "%vlocity_namespace%__IsDisabled__c": false,
        "%vlocity_namespace%__IsRequiredForUpsert__c": false,
        "%vlocity_namespace%__MapId__c": "ESMGetGroupAndMembersCustom5212",
        "%vlocity_namespace%__OMplusSyncEnabled__c": true,
        "%vlocity_namespace%__UpsertKey__c": false,
        "Name": "ESMGetGroupAndMembers",
        "VlocityDataPackType": "SObject",
        "VlocityRecordSObjectType": "%vlocity_namespace%__DRMapItem__c"
    },
    {
        "%vlocity_namespace%__DomainObjectAPIName__c": "json",
        "%vlocity_namespace%__DomainObjectCreationOrder__c": 1,
        "%vlocity_namespace%__DomainObjectFieldAPIName__c": "QuoteGroup:QuoteMember:%vlocity_namespace%__AddressValidationResult__c",
        "%vlocity_namespace%__GlobalKey__c": "de17110d-dfae-a277-3702-bd4caee89f71",
        "%vlocity_namespace%__InterfaceFieldAPIName__c": "QuoteMember:%vlocity_namespace%__AddressValidationResult__c",
        "%vlocity_namespace%__IsDisabled__c": false,
        "%vlocity_namespace%__IsRequiredForUpsert__c": false,
        "%vlocity_namespace%__MapId__c": "ESMGetGroupAndMembersCustom505",
        "%vlocity_namespace%__OMplusSyncEnabled__c": true,
        "%vlocity_namespace%__UpsertKey__c": false,
        "Name": "ESMGetGroupAndMembers",
        "VlocityDataPackType": "SObject",
        "VlocityRecordSObjectType": "%vlocity_namespace%__DRMapItem__c"
    },
    {
        "%vlocity_namespace%__DomainObjectAPIName__c": "json",
        "%vlocity_namespace%__DomainObjectCreationOrder__c": 1,
        "%vlocity_namespace%__DomainObjectFieldAPIName__c": "QuoteGroup:QuoteMember:%vlocity_namespace%__BroadbandConnectionType__c",
        "%vlocity_namespace%__GlobalKey__c": "2f5a13e2-be3d-3bbf-3b77-764321382d7a",
        "%vlocity_namespace%__InterfaceFieldAPIName__c": "QuoteMember:%vlocity_namespace%__BroadbandConnectionType__c",
        "%vlocity_namespace%__IsDisabled__c": false,
        "%vlocity_namespace%__IsRequiredForUpsert__c": false,
        "%vlocity_namespace%__MapId__c": "ESMGetGroupAndMembersCustom8316",
        "%vlocity_namespace%__OMplusSyncEnabled__c": true,
        "%vlocity_namespace%__UpsertKey__c": false,
        "Name": "ESMGetGroupAndMembers",
        "VlocityDataPackType": "SObject",
        "VlocityRecordSObjectType": "%vlocity_namespace%__DRMapItem__c"
    },
    {
        "%vlocity_namespace%__DomainObjectAPIName__c": "json",
        "%vlocity_namespace%__DomainObjectCreationOrder__c": 1,
        "%vlocity_namespace%__DomainObjectFieldAPIName__c": "QuoteGroup:QuoteMember:%vlocity_namespace%__City__c",
        "%vlocity_namespace%__GlobalKey__c": "f1b05d9a-621c-923e-c42b-a20d4bfc63fc",
        "%vlocity_namespace%__InterfaceFieldAPIName__c": "QuoteMember:%vlocity_namespace%__City__c",
        "%vlocity_namespace%__IsDisabled__c": false,
        "%vlocity_namespace%__IsRequiredForUpsert__c": false,
        "%vlocity_namespace%__MapId__c": "ESMGetGroupAndMembersCustom7800",
        "%vlocity_namespace%__OMplusSyncEnabled__c": true,
        "%vlocity_namespace%__UpsertKey__c": false,
        "Name": "ESMGetGroupAndMembers",
        "VlocityDataPackType": "SObject",
        "VlocityRecordSObjectType": "%vlocity_namespace%__DRMapItem__c"
    },
    {
        "%vlocity_namespace%__DomainObjectAPIName__c": "json",
        "%vlocity_namespace%__DomainObjectCreationOrder__c": 1,
        "%vlocity_namespace%__DomainObjectFieldAPIName__c": "QuoteGroup:QuoteMember:%vlocity_namespace%__Country__c",
        "%vlocity_namespace%__GlobalKey__c": "b67911d2-aa0c-957c-1a9b-ef4f7ed9eba9",
        "%vlocity_namespace%__InterfaceFieldAPIName__c": "QuoteMember:%vlocity_namespace%__Country__c",
        "%vlocity_namespace%__IsDisabled__c": false,
        "%vlocity_namespace%__IsRequiredForUpsert__c": false,
        "%vlocity_namespace%__MapId__c": "ESMGetGroupAndMembersCustom3265",
        "%vlocity_namespace%__OMplusSyncEnabled__c": true,
        "%vlocity_namespace%__UpsertKey__c": false,
        "Name": "ESMGetGroupAndMembers",
        "VlocityDataPackType": "SObject",
        "VlocityRecordSObjectType": "%vlocity_namespace%__DRMapItem__c"
    },
    {
        "%vlocity_namespace%__DomainObjectAPIName__c": "json",
        "%vlocity_namespace%__DomainObjectCreationOrder__c": 1,
        "%vlocity_namespace%__DomainObjectFieldAPIName__c": "QuoteGroup:QuoteMember:%vlocity_namespace%__Email__c",
        "%vlocity_namespace%__GlobalKey__c": "b0c73122-c26b-098c-c316-c80863a5ac62",
        "%vlocity_namespace%__InterfaceFieldAPIName__c": "QuoteMember:%vlocity_namespace%__Email__c",
        "%vlocity_namespace%__IsDisabled__c": false,
        "%vlocity_namespace%__IsRequiredForUpsert__c": false,
        "%vlocity_namespace%__MapId__c": "ESMGetGroupAndMembersCustom9099",
        "%vlocity_namespace%__OMplusSyncEnabled__c": true,
        "%vlocity_namespace%__UpsertKey__c": false,
        "Name": "ESMGetGroupAndMembers",
        "VlocityDataPackType": "SObject",
        "VlocityRecordSObjectType": "%vlocity_namespace%__DRMapItem__c"
    },
    {
        "%vlocity_namespace%__DomainObjectAPIName__c": "json",
        "%vlocity_namespace%__DomainObjectCreationOrder__c": 1,
        "%vlocity_namespace%__DomainObjectFieldAPIName__c": "QuoteGroup:QuoteMember:%vlocity_namespace%__FirstName__c",
        "%vlocity_namespace%__GlobalKey__c": "804afa70-40b6-1a9b-33ec-5aa8e42de744",
        "%vlocity_namespace%__InterfaceFieldAPIName__c": "QuoteMember:%vlocity_namespace%__FirstName__c",
        "%vlocity_namespace%__IsDisabled__c": false,
        "%vlocity_namespace%__IsRequiredForUpsert__c": false,
        "%vlocity_namespace%__MapId__c": "ESMGetGroupAndMembersCustom9909",
        "%vlocity_namespace%__OMplusSyncEnabled__c": true,
        "%vlocity_namespace%__UpsertKey__c": false,
        "Name": "ESMGetGroupAndMembers",
        "VlocityDataPackType": "SObject",
        "VlocityRecordSObjectType": "%vlocity_namespace%__DRMapItem__c"
    },
    {
        "%vlocity_namespace%__DomainObjectAPIName__c": "json",
        "%vlocity_namespace%__DomainObjectCreationOrder__c": 1,
        "%vlocity_namespace%__DomainObjectFieldAPIName__c": "QuoteGroup:QuoteMember:%vlocity_namespace%__LastName__c",
        "%vlocity_namespace%__GlobalKey__c": "0f061147-19bf-fb6a-bfcb-9dfa67e9f897",
        "%vlocity_namespace%__InterfaceFieldAPIName__c": "QuoteMember:%vlocity_namespace%__LastName__c",
        "%vlocity_namespace%__IsDisabled__c": false,
        "%vlocity_namespace%__IsRequiredForUpsert__c": false,
        "%vlocity_namespace%__MapId__c": "ESMGetGroupAndMembersCustom913",
        "%vlocity_namespace%__OMplusSyncEnabled__c": true,
        "%vlocity_namespace%__UpsertKey__c": false,
        "Name": "ESMGetGroupAndMembers",
        "VlocityDataPackType": "SObject",
        "VlocityRecordSObjectType": "%vlocity_namespace%__DRMapItem__c"
    },
    {
        "%vlocity_namespace%__DomainObjectAPIName__c": "json",
        "%vlocity_namespace%__DomainObjectCreationOrder__c": 1,
        "%vlocity_namespace%__DomainObjectFieldAPIName__c": "QuoteGroup:QuoteMember:%vlocity_namespace%__MSISDN__c",
        "%vlocity_namespace%__GlobalKey__c": "6485566d-3ee9-6fd4-9b9d-654ce86e491d",
        "%vlocity_namespace%__InterfaceFieldAPIName__c": "QuoteMember:%vlocity_namespace%__MSISDN__c",
        "%vlocity_namespace%__IsDisabled__c": false,
        "%vlocity_namespace%__IsRequiredForUpsert__c": false,
        "%vlocity_namespace%__MapId__c": "ESMGetGroupAndMembersCustom4936",
        "%vlocity_namespace%__OMplusSyncEnabled__c": true,
        "%vlocity_namespace%__UpsertKey__c": false,
        "Name": "ESMGetGroupAndMembers",
        "VlocityDataPackType": "SObject",
        "VlocityRecordSObjectType": "%vlocity_namespace%__DRMapItem__c"
    },
    {
        "%vlocity_namespace%__DomainObjectAPIName__c": "json",
        "%vlocity_namespace%__DomainObjectCreationOrder__c": 1,
        "%vlocity_namespace%__DomainObjectFieldAPIName__c": "QuoteGroup:QuoteMember:%vlocity_namespace%__MaxDownloadSpeed__c",
        "%vlocity_namespace%__GlobalKey__c": "eff3efbf-5dd5-5897-6207-bbdbe9283723",
        "%vlocity_namespace%__InterfaceFieldAPIName__c": "QuoteMember:%vlocity_namespace%__MaxDownloadSpeed__c",
        "%vlocity_namespace%__IsDisabled__c": false,
        "%vlocity_namespace%__IsRequiredForUpsert__c": false,
        "%vlocity_namespace%__MapId__c": "ESMGetGroupAndMembersCustom5560",
        "%vlocity_namespace%__OMplusSyncEnabled__c": true,
        "%vlocity_namespace%__UpsertKey__c": false,
        "Name": "ESMGetGroupAndMembers",
        "VlocityDataPackType": "SObject",
        "VlocityRecordSObjectType": "%vlocity_namespace%__DRMapItem__c"
    },
    {
        "%vlocity_namespace%__DomainObjectAPIName__c": "json",
        "%vlocity_namespace%__DomainObjectCreationOrder__c": 1,
        "%vlocity_namespace%__DomainObjectFieldAPIName__c": "QuoteGroup:QuoteMember:%vlocity_namespace%__MaxUploadSpeed__c",
        "%vlocity_namespace%__GlobalKey__c": "069699f3-9bde-e01d-d740-6bd2852735c5",
        "%vlocity_namespace%__InterfaceFieldAPIName__c": "QuoteMember:%vlocity_namespace%__MaxUploadSpeed__c",
        "%vlocity_namespace%__IsDisabled__c": false,
        "%vlocity_namespace%__IsRequiredForUpsert__c": false,
        "%vlocity_namespace%__MapId__c": "ESMGetGroupAndMembersCustom443",
        "%vlocity_namespace%__OMplusSyncEnabled__c": true,
        "%vlocity_namespace%__UpsertKey__c": false,
        "Name": "ESMGetGroupAndMembers",
        "VlocityDataPackType": "SObject",
        "VlocityRecordSObjectType": "%vlocity_namespace%__DRMapItem__c"
    },
    {
        "%vlocity_namespace%__DomainObjectAPIName__c": "json",
        "%vlocity_namespace%__DomainObjectCreationOrder__c": 1,
        "%vlocity_namespace%__DomainObjectFieldAPIName__c": "QuoteGroup:QuoteMember:%vlocity_namespace%__PostalCode__c",
        "%vlocity_namespace%__GlobalKey__c": "1a6556bf-66b4-8bd0-dafa-752dad514e10",
        "%vlocity_namespace%__InterfaceFieldAPIName__c": "QuoteMember:%vlocity_namespace%__PostalCode__c",
        "%vlocity_namespace%__IsDisabled__c": false,
        "%vlocity_namespace%__IsRequiredForUpsert__c": false,
        "%vlocity_namespace%__MapId__c": "ESMGetGroupAndMembersCustom5262",
        "%vlocity_namespace%__OMplusSyncEnabled__c": true,
        "%vlocity_namespace%__UpsertKey__c": false,
        "Name": "ESMGetGroupAndMembers",
        "VlocityDataPackType": "SObject",
        "VlocityRecordSObjectType": "%vlocity_namespace%__DRMapItem__c"
    },
    {
        "%vlocity_namespace%__DomainObjectAPIName__c": "json",
        "%vlocity_namespace%__DomainObjectCreationOrder__c": 1,
        "%vlocity_namespace%__DomainObjectFieldAPIName__c": "QuoteGroup:QuoteMember:%vlocity_namespace%__PremisesId__r.Name",
        "%vlocity_namespace%__GlobalKey__c": "d1ba0f7f-d0d6-d0e2-815f-7ab1c636777f",
        "%vlocity_namespace%__InterfaceFieldAPIName__c": "QuoteMember:%vlocity_namespace%__PremisesId__r.Name",
        "%vlocity_namespace%__IsDisabled__c": false,
        "%vlocity_namespace%__IsRequiredForUpsert__c": false,
        "%vlocity_namespace%__MapId__c": "ESMGetGroupAndMembersCustom5582",
        "%vlocity_namespace%__OMplusSyncEnabled__c": true,
        "%vlocity_namespace%__UpsertKey__c": false,
        "Name": "ESMGetGroupAndMembers",
        "VlocityDataPackType": "SObject",
        "VlocityRecordSObjectType": "%vlocity_namespace%__DRMapItem__c"
    },
    {
        "%vlocity_namespace%__DomainObjectAPIName__c": "json",
        "%vlocity_namespace%__DomainObjectCreationOrder__c": 1,
        "%vlocity_namespace%__DomainObjectFieldAPIName__c": "QuoteGroup:QuoteMember:%vlocity_namespace%__ServiceAccountId__r.Name",
        "%vlocity_namespace%__GlobalKey__c": "3d61b1fb-6727-65bd-8b19-b5e40caf2624",
        "%vlocity_namespace%__InterfaceFieldAPIName__c": "QuoteMember:%vlocity_namespace%__ServiceAccountId__r.Name",
        "%vlocity_namespace%__IsDisabled__c": false,
        "%vlocity_namespace%__IsRequiredForUpsert__c": false,
        "%vlocity_namespace%__MapId__c": "ESMGetGroupAndMembersCustom2938",
        "%vlocity_namespace%__OMplusSyncEnabled__c": true,
        "%vlocity_namespace%__UpsertKey__c": false,
        "Name": "ESMGetGroupAndMembers",
        "VlocityDataPackType": "SObject",
        "VlocityRecordSObjectType": "%vlocity_namespace%__DRMapItem__c"
    },
    {
        "%vlocity_namespace%__DomainObjectAPIName__c": "json",
        "%vlocity_namespace%__DomainObjectCreationOrder__c": 1,
        "%vlocity_namespace%__DomainObjectFieldAPIName__c": "QuoteGroup:QuoteMember:%vlocity_namespace%__ServicePointId__r.Name",
        "%vlocity_namespace%__GlobalKey__c": "8a60a859-8617-624e-4cf2-4b38a8138b37",
        "%vlocity_namespace%__InterfaceFieldAPIName__c": "QuoteMember:%vlocity_namespace%__ServicePointId__r.Name",
        "%vlocity_namespace%__IsDisabled__c": false,
        "%vlocity_namespace%__IsRequiredForUpsert__c": false,
        "%vlocity_namespace%__MapId__c": "ESMGetGroupAndMembersCustom158",
        "%vlocity_namespace%__OMplusSyncEnabled__c": true,
        "%vlocity_namespace%__UpsertKey__c": false,
        "Name": "ESMGetGroupAndMembers",
        "VlocityDataPackType": "SObject",
        "VlocityRecordSObjectType": "%vlocity_namespace%__DRMapItem__c"
    },
    {
        "%vlocity_namespace%__DomainObjectAPIName__c": "json",
        "%vlocity_namespace%__DomainObjectCreationOrder__c": 1,
        "%vlocity_namespace%__DomainObjectFieldAPIName__c": "QuoteGroup:QuoteMember:%vlocity_namespace%__State__c",
        "%vlocity_namespace%__GlobalKey__c": "d5743fd3-c3fd-44c8-ec51-abe037e1e051",
        "%vlocity_namespace%__InterfaceFieldAPIName__c": "QuoteMember:%vlocity_namespace%__State__c",
        "%vlocity_namespace%__IsDisabled__c": false,
        "%vlocity_namespace%__IsRequiredForUpsert__c": false,
        "%vlocity_namespace%__MapId__c": "ESMGetGroupAndMembersCustom3412",
        "%vlocity_namespace%__OMplusSyncEnabled__c": true,
        "%vlocity_namespace%__UpsertKey__c": false,
        "Name": "ESMGetGroupAndMembers",
        "VlocityDataPackType": "SObject",
        "VlocityRecordSObjectType": "%vlocity_namespace%__DRMapItem__c"
    },
    {
        "%vlocity_namespace%__DomainObjectAPIName__c": "json",
        "%vlocity_namespace%__DomainObjectCreationOrder__c": 1,
        "%vlocity_namespace%__DomainObjectFieldAPIName__c": "QuoteGroup:QuoteMember:%vlocity_namespace%__StreetAddress__c",
        "%vlocity_namespace%__GlobalKey__c": "b46adf65-da32-dfa1-970f-3d94a5ea72ee",
        "%vlocity_namespace%__InterfaceFieldAPIName__c": "QuoteMember:%vlocity_namespace%__StreetAddress__c",
        "%vlocity_namespace%__IsDisabled__c": false,
        "%vlocity_namespace%__IsRequiredForUpsert__c": false,
        "%vlocity_namespace%__MapId__c": "ESMGetGroupAndMembersCustom1531",
        "%vlocity_namespace%__OMplusSyncEnabled__c": true,
        "%vlocity_namespace%__UpsertKey__c": false,
        "Name": "ESMGetGroupAndMembers",
        "VlocityDataPackType": "SObject",
        "VlocityRecordSObjectType": "%vlocity_namespace%__DRMapItem__c"
    },
    {
        "%vlocity_namespace%__DomainObjectAPIName__c": "json",
        "%vlocity_namespace%__DomainObjectCreationOrder__c": 1,
        "%vlocity_namespace%__DomainObjectFieldAPIName__c": "QuoteGroup:QuoteMember:%vlocity_namespace%__Title__c",
        "%vlocity_namespace%__GlobalKey__c": "919ac709-d5da-f2ed-3415-b5852ab7228e",
        "%vlocity_namespace%__InterfaceFieldAPIName__c": "QuoteMember:%vlocity_namespace%__Title__c",
        "%vlocity_namespace%__IsDisabled__c": false,
        "%vlocity_namespace%__IsRequiredForUpsert__c": false,
        "%vlocity_namespace%__MapId__c": "ESMGetGroupAndMembersCustom6627",
        "%vlocity_namespace%__OMplusSyncEnabled__c": true,
        "%vlocity_namespace%__UpsertKey__c": false,
        "Name": "ESMGetGroupAndMembers",
        "VlocityDataPackType": "SObject",
        "VlocityRecordSObjectType": "%vlocity_namespace%__DRMapItem__c"
    },
    {
        "%vlocity_namespace%__DomainObjectAPIName__c": "json",
        "%vlocity_namespace%__DomainObjectCreationOrder__c": 1,
        "%vlocity_namespace%__DomainObjectFieldAPIName__c": "QuoteGroup:QuoteMember:Id",
        "%vlocity_namespace%__GlobalKey__c": "ed18a87b-8a19-8b52-e079-8c9b1a199bc9",
        "%vlocity_namespace%__InterfaceFieldAPIName__c": "QuoteMember:Id",
        "%vlocity_namespace%__IsDisabled__c": false,
        "%vlocity_namespace%__IsRequiredForUpsert__c": false,
        "%vlocity_namespace%__MapId__c": "ESMGetGroupAndMembersCustom7184",
        "%vlocity_namespace%__OMplusSyncEnabled__c": true,
        "%vlocity_namespace%__UpsertKey__c": false,
        "Name": "ESMGetGroupAndMembers",
        "VlocityDataPackType": "SObject",
        "VlocityRecordSObjectType": "%vlocity_namespace%__DRMapItem__c"
    }
]