[
    {
        "%vlocity_namespace%__DisplayType__c": "REFERENCE",
        "%vlocity_namespace%__DomainObjectAPIName__c": "Turbo Extract",
        "%vlocity_namespace%__DomainObjectCreationOrder__c": 0,
        "%vlocity_namespace%__DomainObjectFieldAPIName__c": "Rules",
        "%vlocity_namespace%__FilterGroup__c": 0,
        "%vlocity_namespace%__FilterOperator__c": "=",
        "%vlocity_namespace%__FilterValue__c": "id",
        "%vlocity_namespace%__GlobalKey__c": "1d75cd5a-77ce-2d92-8d90-0295cb24caa4",
        "%vlocity_namespace%__InterfaceFieldAPIName__c": "%vlocity_namespace%__Product2Id__c",
        "%vlocity_namespace%__InterfaceObjectLookupOrder__c": 1,
        "%vlocity_namespace%__InterfaceObjectName__c": "%vlocity_namespace%__ProductRelationship__c",
        "%vlocity_namespace%__IsDisabled__c": false,
        "%vlocity_namespace%__IsRequiredForUpsert__c": false,
        "%vlocity_namespace%__MapId__c": "ESMGetProductRelationshipRules9701994986324891",
        "%vlocity_namespace%__OMplusSyncEnabled__c": true,
        "%vlocity_namespace%__UpsertKey__c": false,
        "Name": "ESMGetProductRelationshipRules",
        "VlocityDataPackType": "SObject",
        "VlocityRecordSObjectType": "%vlocity_namespace%__DRMapItem__c"
    },
    {
        "%vlocity_namespace%__DisplayType__c": "PICKLIST",
        "%vlocity_namespace%__DomainObjectAPIName__c": "Turbo Extract",
        "%vlocity_namespace%__DomainObjectCreationOrder__c": 0,
        "%vlocity_namespace%__DomainObjectFieldAPIName__c": "Rules",
        "%vlocity_namespace%__FilterGroup__c": 0,
        "%vlocity_namespace%__FilterOperator__c": "=",
        "%vlocity_namespace%__FilterValue__c": "relies",
        "%vlocity_namespace%__GlobalKey__c": "541a7b65-df2b-0868-bc7e-b8e509dbedbd",
        "%vlocity_namespace%__InterfaceFieldAPIName__c": "%vlocity_namespace%__RelationshipType__c",
        "%vlocity_namespace%__InterfaceObjectLookupOrder__c": 1,
        "%vlocity_namespace%__InterfaceObjectName__c": "%vlocity_namespace%__ProductRelationship__c",
        "%vlocity_namespace%__IsDisabled__c": false,
        "%vlocity_namespace%__IsRequiredForUpsert__c": false,
        "%vlocity_namespace%__MapId__c": "ESMGetProductRelationshipRulesCustom1706",
        "%vlocity_namespace%__OMplusSyncEnabled__c": true,
        "%vlocity_namespace%__UpsertKey__c": false,
        "Name": "ESMGetProductRelationshipRules",
        "VlocityDataPackType": "SObject",
        "VlocityRecordSObjectType": "%vlocity_namespace%__DRMapItem__c"
    },
    {
        "%vlocity_namespace%__DomainObjectAPIName__c": "Turbo Extract",
        "%vlocity_namespace%__DomainObjectCreationOrder__c": 1,
        "%vlocity_namespace%__DomainObjectFieldAPIName__c": "Ruels",
        "%vlocity_namespace%__GlobalKey__c": "b1420543-5576-008d-f06c-055bb773e541",
        "%vlocity_namespace%__InterfaceFieldAPIName__c": "%vlocity_namespace%__ActionParameters__c",
        "%vlocity_namespace%__InterfaceObjectName__c": "%vlocity_namespace%__ProductRelationship__c",
        "%vlocity_namespace%__IsDisabled__c": false,
        "%vlocity_namespace%__IsRequiredForUpsert__c": false,
        "%vlocity_namespace%__MapId__c": "ESMGetProductRelationshipRules4686818336654468",
        "%vlocity_namespace%__OMplusSyncEnabled__c": true,
        "%vlocity_namespace%__UpsertKey__c": false,
        "Name": "ESMGetProductRelationshipRules",
        "VlocityDataPackType": "SObject",
        "VlocityRecordSObjectType": "%vlocity_namespace%__DRMapItem__c"
    },
    {
        "%vlocity_namespace%__DomainObjectAPIName__c": "Turbo Extract",
        "%vlocity_namespace%__DomainObjectCreationOrder__c": 1,
        "%vlocity_namespace%__DomainObjectFieldAPIName__c": "Ruels",
        "%vlocity_namespace%__GlobalKey__c": "e78c0fb7-8a33-d091-b395-f1cf7a53b6d8",
        "%vlocity_namespace%__InterfaceFieldAPIName__c": "%vlocity_namespace%__AddMode__c",
        "%vlocity_namespace%__InterfaceObjectName__c": "%vlocity_namespace%__ProductRelationship__c",
        "%vlocity_namespace%__IsDisabled__c": false,
        "%vlocity_namespace%__IsRequiredForUpsert__c": false,
        "%vlocity_namespace%__MapId__c": "ESMGetProductRelationshipRules304355003330419",
        "%vlocity_namespace%__OMplusSyncEnabled__c": true,
        "%vlocity_namespace%__UpsertKey__c": false,
        "Name": "ESMGetProductRelationshipRules",
        "VlocityDataPackType": "SObject",
        "VlocityRecordSObjectType": "%vlocity_namespace%__DRMapItem__c"
    },
    {
        "%vlocity_namespace%__DomainObjectAPIName__c": "Turbo Extract",
        "%vlocity_namespace%__DomainObjectCreationOrder__c": 1,
        "%vlocity_namespace%__DomainObjectFieldAPIName__c": "Ruels",
        "%vlocity_namespace%__GlobalKey__c": "66c44ecf-f1d6-ce8f-0b1b-e1921210a5f1",
        "%vlocity_namespace%__InterfaceFieldAPIName__c": "%vlocity_namespace%__Context__c",
        "%vlocity_namespace%__InterfaceObjectName__c": "%vlocity_namespace%__ProductRelationship__c",
        "%vlocity_namespace%__IsDisabled__c": false,
        "%vlocity_namespace%__IsRequiredForUpsert__c": false,
        "%vlocity_namespace%__MapId__c": "ESMGetProductRelationshipRules3613312687800505",
        "%vlocity_namespace%__OMplusSyncEnabled__c": true,
        "%vlocity_namespace%__UpsertKey__c": false,
        "Name": "ESMGetProductRelationshipRules",
        "VlocityDataPackType": "SObject",
        "VlocityRecordSObjectType": "%vlocity_namespace%__DRMapItem__c"
    },
    {
        "%vlocity_namespace%__DomainObjectAPIName__c": "Turbo Extract",
        "%vlocity_namespace%__DomainObjectCreationOrder__c": 1,
        "%vlocity_namespace%__DomainObjectFieldAPIName__c": "Ruels",
        "%vlocity_namespace%__GlobalKey__c": "9e455fa9-1e12-0721-a725-0e0006c900df",
        "%vlocity_namespace%__InterfaceFieldAPIName__c": "%vlocity_namespace%__DefaultQuantity__c",
        "%vlocity_namespace%__InterfaceObjectName__c": "%vlocity_namespace%__ProductRelationship__c",
        "%vlocity_namespace%__IsDisabled__c": false,
        "%vlocity_namespace%__IsRequiredForUpsert__c": false,
        "%vlocity_namespace%__MapId__c": "ESMGetProductRelationshipRules7851701667707849",
        "%vlocity_namespace%__OMplusSyncEnabled__c": true,
        "%vlocity_namespace%__UpsertKey__c": false,
        "Name": "ESMGetProductRelationshipRules",
        "VlocityDataPackType": "SObject",
        "VlocityRecordSObjectType": "%vlocity_namespace%__DRMapItem__c"
    },
    {
        "%vlocity_namespace%__DomainObjectAPIName__c": "Turbo Extract",
        "%vlocity_namespace%__DomainObjectCreationOrder__c": 1,
        "%vlocity_namespace%__DomainObjectFieldAPIName__c": "Ruels",
        "%vlocity_namespace%__GlobalKey__c": "c29aa85f-2bec-b60e-1692-44f005bf7ef8",
        "%vlocity_namespace%__InterfaceFieldAPIName__c": "%vlocity_namespace%__MaxQuantity__c",
        "%vlocity_namespace%__InterfaceObjectName__c": "%vlocity_namespace%__ProductRelationship__c",
        "%vlocity_namespace%__IsDisabled__c": false,
        "%vlocity_namespace%__IsRequiredForUpsert__c": false,
        "%vlocity_namespace%__MapId__c": "ESMGetProductRelationshipRules6425177360367089",
        "%vlocity_namespace%__OMplusSyncEnabled__c": true,
        "%vlocity_namespace%__UpsertKey__c": false,
        "Name": "ESMGetProductRelationshipRules",
        "VlocityDataPackType": "SObject",
        "VlocityRecordSObjectType": "%vlocity_namespace%__DRMapItem__c"
    },
    {
        "%vlocity_namespace%__DomainObjectAPIName__c": "Turbo Extract",
        "%vlocity_namespace%__DomainObjectCreationOrder__c": 1,
        "%vlocity_namespace%__DomainObjectFieldAPIName__c": "Ruels",
        "%vlocity_namespace%__GlobalKey__c": "1fdd7de6-2860-7e78-128a-53ff65b5da3d",
        "%vlocity_namespace%__InterfaceFieldAPIName__c": "%vlocity_namespace%__MinQuantity__c",
        "%vlocity_namespace%__InterfaceObjectName__c": "%vlocity_namespace%__ProductRelationship__c",
        "%vlocity_namespace%__IsDisabled__c": false,
        "%vlocity_namespace%__IsRequiredForUpsert__c": false,
        "%vlocity_namespace%__MapId__c": "ESMGetProductRelationshipRules9938799827691447",
        "%vlocity_namespace%__OMplusSyncEnabled__c": true,
        "%vlocity_namespace%__UpsertKey__c": false,
        "Name": "ESMGetProductRelationshipRules",
        "VlocityDataPackType": "SObject",
        "VlocityRecordSObjectType": "%vlocity_namespace%__DRMapItem__c"
    },
    {
        "%vlocity_namespace%__DomainObjectAPIName__c": "Turbo Extract",
        "%vlocity_namespace%__DomainObjectCreationOrder__c": 1,
        "%vlocity_namespace%__DomainObjectFieldAPIName__c": "Ruels",
        "%vlocity_namespace%__GlobalKey__c": "ec62e0ae-f548-282d-6add-c3c1a2285018",
        "%vlocity_namespace%__InterfaceFieldAPIName__c": "%vlocity_namespace%__ObjectTypeId__c",
        "%vlocity_namespace%__InterfaceObjectName__c": "%vlocity_namespace%__ProductRelationship__c",
        "%vlocity_namespace%__IsDisabled__c": false,
        "%vlocity_namespace%__IsRequiredForUpsert__c": false,
        "%vlocity_namespace%__MapId__c": "ESMGetProductRelationshipRules30810837426219706",
        "%vlocity_namespace%__OMplusSyncEnabled__c": true,
        "%vlocity_namespace%__UpsertKey__c": false,
        "Name": "ESMGetProductRelationshipRules",
        "VlocityDataPackType": "SObject",
        "VlocityRecordSObjectType": "%vlocity_namespace%__DRMapItem__c"
    },
    {
        "%vlocity_namespace%__DomainObjectAPIName__c": "Turbo Extract",
        "%vlocity_namespace%__DomainObjectCreationOrder__c": 1,
        "%vlocity_namespace%__DomainObjectFieldAPIName__c": "Ruels",
        "%vlocity_namespace%__GlobalKey__c": "f66fa6c5-431b-a8f3-4817-4feadaeb91cb",
        "%vlocity_namespace%__InterfaceFieldAPIName__c": "%vlocity_namespace%__Product2Id__c",
        "%vlocity_namespace%__InterfaceObjectName__c": "%vlocity_namespace%__ProductRelationship__c",
        "%vlocity_namespace%__IsDisabled__c": false,
        "%vlocity_namespace%__IsRequiredForUpsert__c": false,
        "%vlocity_namespace%__MapId__c": "ESMGetProductRelationshipRules8378847007012713",
        "%vlocity_namespace%__OMplusSyncEnabled__c": true,
        "%vlocity_namespace%__UpsertKey__c": false,
        "Name": "ESMGetProductRelationshipRules",
        "VlocityDataPackType": "SObject",
        "VlocityRecordSObjectType": "%vlocity_namespace%__DRMapItem__c"
    },
    {
        "%vlocity_namespace%__DomainObjectAPIName__c": "Turbo Extract",
        "%vlocity_namespace%__DomainObjectCreationOrder__c": 1,
        "%vlocity_namespace%__DomainObjectFieldAPIName__c": "Ruels",
        "%vlocity_namespace%__GlobalKey__c": "8d65059c-0ec4-d48c-db69-6aad08346a9b",
        "%vlocity_namespace%__InterfaceFieldAPIName__c": "%vlocity_namespace%__RelationshipType__c",
        "%vlocity_namespace%__InterfaceObjectName__c": "%vlocity_namespace%__ProductRelationship__c",
        "%vlocity_namespace%__IsDisabled__c": false,
        "%vlocity_namespace%__IsRequiredForUpsert__c": false,
        "%vlocity_namespace%__MapId__c": "ESMGetProductRelationshipRules8257128651103871",
        "%vlocity_namespace%__OMplusSyncEnabled__c": true,
        "%vlocity_namespace%__UpsertKey__c": false,
        "Name": "ESMGetProductRelationshipRules",
        "VlocityDataPackType": "SObject",
        "VlocityRecordSObjectType": "%vlocity_namespace%__DRMapItem__c"
    },
    {
        "%vlocity_namespace%__DomainObjectAPIName__c": "Turbo Extract",
        "%vlocity_namespace%__DomainObjectCreationOrder__c": 1,
        "%vlocity_namespace%__DomainObjectFieldAPIName__c": "Ruels",
        "%vlocity_namespace%__GlobalKey__c": "589bcc25-a367-1c11-e3fe-7fb980721c0c",
        "%vlocity_namespace%__InterfaceFieldAPIName__c": "%vlocity_namespace%__ReverseMaxQuantity__c",
        "%vlocity_namespace%__InterfaceObjectName__c": "%vlocity_namespace%__ProductRelationship__c",
        "%vlocity_namespace%__IsDisabled__c": false,
        "%vlocity_namespace%__IsRequiredForUpsert__c": false,
        "%vlocity_namespace%__MapId__c": "ESMGetProductRelationshipRules026562836911320886",
        "%vlocity_namespace%__OMplusSyncEnabled__c": true,
        "%vlocity_namespace%__UpsertKey__c": false,
        "Name": "ESMGetProductRelationshipRules",
        "VlocityDataPackType": "SObject",
        "VlocityRecordSObjectType": "%vlocity_namespace%__DRMapItem__c"
    },
    {
        "%vlocity_namespace%__DomainObjectAPIName__c": "Turbo Extract",
        "%vlocity_namespace%__DomainObjectCreationOrder__c": 1,
        "%vlocity_namespace%__DomainObjectFieldAPIName__c": "Ruels",
        "%vlocity_namespace%__GlobalKey__c": "12bd6529-24d8-d457-22ad-7ba068f12773",
        "%vlocity_namespace%__InterfaceFieldAPIName__c": "%vlocity_namespace%__ReverseMinQuantity__c",
        "%vlocity_namespace%__InterfaceObjectName__c": "%vlocity_namespace%__ProductRelationship__c",
        "%vlocity_namespace%__IsDisabled__c": false,
        "%vlocity_namespace%__IsRequiredForUpsert__c": false,
        "%vlocity_namespace%__MapId__c": "ESMGetProductRelationshipRules44442217221816716",
        "%vlocity_namespace%__OMplusSyncEnabled__c": true,
        "%vlocity_namespace%__UpsertKey__c": false,
        "Name": "ESMGetProductRelationshipRules",
        "VlocityDataPackType": "SObject",
        "VlocityRecordSObjectType": "%vlocity_namespace%__DRMapItem__c"
    },
    {
        "%vlocity_namespace%__DomainObjectAPIName__c": "Turbo Extract",
        "%vlocity_namespace%__DomainObjectCreationOrder__c": 1,
        "%vlocity_namespace%__DomainObjectFieldAPIName__c": "Ruels",
        "%vlocity_namespace%__GlobalKey__c": "6841ca9c-04fd-e16d-9c5d-9cbf02856154",
        "%vlocity_namespace%__InterfaceFieldAPIName__c": "Name",
        "%vlocity_namespace%__InterfaceObjectName__c": "%vlocity_namespace%__ProductRelationship__c",
        "%vlocity_namespace%__IsDisabled__c": false,
        "%vlocity_namespace%__IsRequiredForUpsert__c": false,
        "%vlocity_namespace%__MapId__c": "ESMGetProductRelationshipRules7860302034175757",
        "%vlocity_namespace%__OMplusSyncEnabled__c": true,
        "%vlocity_namespace%__UpsertKey__c": false,
        "Name": "ESMGetProductRelationshipRules",
        "VlocityDataPackType": "SObject",
        "VlocityRecordSObjectType": "%vlocity_namespace%__DRMapItem__c"
    },
    {
        "%vlocity_namespace%__DomainObjectAPIName__c": "Turbo Extract",
        "%vlocity_namespace%__DomainObjectCreationOrder__c": 1,
        "%vlocity_namespace%__DomainObjectFieldAPIName__c": "Rules",
        "%vlocity_namespace%__GlobalKey__c": "384b435a-daf8-a943-4e1e-0dfff6feb30b",
        "%vlocity_namespace%__InterfaceFieldAPIName__c": "%vlocity_namespace%__ObjectTypeId__r.Id",
        "%vlocity_namespace%__InterfaceObjectName__c": "%vlocity_namespace%__ProductRelationship__c",
        "%vlocity_namespace%__IsDisabled__c": false,
        "%vlocity_namespace%__IsRequiredForUpsert__c": false,
        "%vlocity_namespace%__MapId__c": "ESMGetProductRelationshipRulesCustom9660",
        "%vlocity_namespace%__OMplusSyncEnabled__c": true,
        "%vlocity_namespace%__UpsertKey__c": false,
        "Name": "ESMGetProductRelationshipRules",
        "VlocityDataPackType": "SObject",
        "VlocityRecordSObjectType": "%vlocity_namespace%__DRMapItem__c"
    },
    {
        "%vlocity_namespace%__DomainObjectAPIName__c": "Turbo Extract",
        "%vlocity_namespace%__DomainObjectCreationOrder__c": 1,
        "%vlocity_namespace%__DomainObjectFieldAPIName__c": "Rules",
        "%vlocity_namespace%__GlobalKey__c": "2eb32b92-bc95-453e-b4d2-48da9784bbfd",
        "%vlocity_namespace%__InterfaceFieldAPIName__c": "%vlocity_namespace%__ObjectTypeId__r.Name",
        "%vlocity_namespace%__InterfaceObjectName__c": "%vlocity_namespace%__ProductRelationship__c",
        "%vlocity_namespace%__IsDisabled__c": false,
        "%vlocity_namespace%__IsRequiredForUpsert__c": false,
        "%vlocity_namespace%__MapId__c": "ESMGetProductRelationshipRulesCustom578",
        "%vlocity_namespace%__OMplusSyncEnabled__c": true,
        "%vlocity_namespace%__UpsertKey__c": false,
        "Name": "ESMGetProductRelationshipRules",
        "VlocityDataPackType": "SObject",
        "VlocityRecordSObjectType": "%vlocity_namespace%__DRMapItem__c"
    },
    {
        "%vlocity_namespace%__DomainObjectAPIName__c": "Turbo Extract",
        "%vlocity_namespace%__DomainObjectCreationOrder__c": 1,
        "%vlocity_namespace%__DomainObjectFieldAPIName__c": "Rules",
        "%vlocity_namespace%__GlobalKey__c": "5dc71021-7d78-fc9c-8dcb-f7b934db0bec",
        "%vlocity_namespace%__InterfaceFieldAPIName__c": "%vlocity_namespace%__Product2Id__r.Name",
        "%vlocity_namespace%__InterfaceObjectName__c": "%vlocity_namespace%__ProductRelationship__c",
        "%vlocity_namespace%__IsDisabled__c": false,
        "%vlocity_namespace%__IsRequiredForUpsert__c": false,
        "%vlocity_namespace%__MapId__c": "ESMGetProductRelationshipRulesCustom6150",
        "%vlocity_namespace%__OMplusSyncEnabled__c": true,
        "%vlocity_namespace%__UpsertKey__c": false,
        "Name": "ESMGetProductRelationshipRules",
        "VlocityDataPackType": "SObject",
        "VlocityRecordSObjectType": "%vlocity_namespace%__DRMapItem__c"
    },
    {
        "%vlocity_namespace%__DomainObjectAPIName__c": "Turbo Extract",
        "%vlocity_namespace%__DomainObjectCreationOrder__c": 1,
        "%vlocity_namespace%__DomainObjectFieldAPIName__c": "Rules",
        "%vlocity_namespace%__GlobalKey__c": "4ca80c15-0ade-e1fa-2c46-c47caf8fce93",
        "%vlocity_namespace%__InterfaceFieldAPIName__c": "%vlocity_namespace%__RelatedProductId__c",
        "%vlocity_namespace%__InterfaceObjectName__c": "%vlocity_namespace%__ProductRelationship__c",
        "%vlocity_namespace%__IsDisabled__c": false,
        "%vlocity_namespace%__IsRequiredForUpsert__c": false,
        "%vlocity_namespace%__MapId__c": "ESMGetProductRelationshipRulesCustom8348",
        "%vlocity_namespace%__OMplusSyncEnabled__c": true,
        "%vlocity_namespace%__UpsertKey__c": false,
        "Name": "ESMGetProductRelationshipRules",
        "VlocityDataPackType": "SObject",
        "VlocityRecordSObjectType": "%vlocity_namespace%__DRMapItem__c"
    },
    {
        "%vlocity_namespace%__DomainObjectAPIName__c": "Turbo Extract",
        "%vlocity_namespace%__DomainObjectCreationOrder__c": 1,
        "%vlocity_namespace%__DomainObjectFieldAPIName__c": "Rules",
        "%vlocity_namespace%__GlobalKey__c": "04945b0a-354e-e98f-2a74-da190a931065",
        "%vlocity_namespace%__InterfaceFieldAPIName__c": "%vlocity_namespace%__RelatedProductId__r.%vlocity_namespace%__ObjectTypeId__c",
        "%vlocity_namespace%__InterfaceObjectName__c": "%vlocity_namespace%__ProductRelationship__c",
        "%vlocity_namespace%__IsDisabled__c": false,
        "%vlocity_namespace%__IsRequiredForUpsert__c": false,
        "%vlocity_namespace%__MapId__c": "ESMGetProductRelationshipRulesCustom1864",
        "%vlocity_namespace%__OMplusSyncEnabled__c": true,
        "%vlocity_namespace%__UpsertKey__c": false,
        "Name": "ESMGetProductRelationshipRules",
        "VlocityDataPackType": "SObject",
        "VlocityRecordSObjectType": "%vlocity_namespace%__DRMapItem__c"
    },
    {
        "%vlocity_namespace%__DomainObjectAPIName__c": "Turbo Extract",
        "%vlocity_namespace%__DomainObjectCreationOrder__c": 1,
        "%vlocity_namespace%__DomainObjectFieldAPIName__c": "Rules",
        "%vlocity_namespace%__GlobalKey__c": "eb70f200-c3c4-9f61-088c-53dc567a5497",
        "%vlocity_namespace%__InterfaceFieldAPIName__c": "%vlocity_namespace%__RelatedProductId__r.%vlocity_namespace%__ObjectTypeName__c",
        "%vlocity_namespace%__InterfaceObjectName__c": "%vlocity_namespace%__ProductRelationship__c",
        "%vlocity_namespace%__IsDisabled__c": false,
        "%vlocity_namespace%__IsRequiredForUpsert__c": false,
        "%vlocity_namespace%__MapId__c": "ESMGetProductRelationshipRulesCustom1540",
        "%vlocity_namespace%__OMplusSyncEnabled__c": true,
        "%vlocity_namespace%__UpsertKey__c": false,
        "Name": "ESMGetProductRelationshipRules",
        "VlocityDataPackType": "SObject",
        "VlocityRecordSObjectType": "%vlocity_namespace%__DRMapItem__c"
    },
    {
        "%vlocity_namespace%__DomainObjectAPIName__c": "Turbo Extract",
        "%vlocity_namespace%__DomainObjectCreationOrder__c": 1,
        "%vlocity_namespace%__DomainObjectFieldAPIName__c": "Rules",
        "%vlocity_namespace%__GlobalKey__c": "1b65062b-f3b6-7ff2-b585-1c5fe419f589",
        "%vlocity_namespace%__InterfaceFieldAPIName__c": "%vlocity_namespace%__RelatedProductId__r.Name",
        "%vlocity_namespace%__InterfaceObjectName__c": "%vlocity_namespace%__ProductRelationship__c",
        "%vlocity_namespace%__IsDisabled__c": false,
        "%vlocity_namespace%__IsRequiredForUpsert__c": false,
        "%vlocity_namespace%__MapId__c": "ESMGetProductRelationshipRulesCustom9203",
        "%vlocity_namespace%__OMplusSyncEnabled__c": true,
        "%vlocity_namespace%__UpsertKey__c": false,
        "Name": "ESMGetProductRelationshipRules",
        "VlocityDataPackType": "SObject",
        "VlocityRecordSObjectType": "%vlocity_namespace%__DRMapItem__c"
    },
    {
        "%vlocity_namespace%__DomainObjectAPIName__c": "Turbo Extract",
        "%vlocity_namespace%__DomainObjectCreationOrder__c": 1,
        "%vlocity_namespace%__DomainObjectFieldAPIName__c": "Rules",
        "%vlocity_namespace%__GlobalKey__c": "e4cdc562-5b71-ed90-4697-4d673fc62491",
        "%vlocity_namespace%__InterfaceFieldAPIName__c": "%vlocity_namespace%__RelatedProductId__r.ProductCode",
        "%vlocity_namespace%__InterfaceObjectName__c": "%vlocity_namespace%__ProductRelationship__c",
        "%vlocity_namespace%__IsDisabled__c": false,
        "%vlocity_namespace%__IsRequiredForUpsert__c": false,
        "%vlocity_namespace%__MapId__c": "ESMGetProductRelationshipRulesCustom5093",
        "%vlocity_namespace%__OMplusSyncEnabled__c": true,
        "%vlocity_namespace%__UpsertKey__c": false,
        "Name": "ESMGetProductRelationshipRules",
        "VlocityDataPackType": "SObject",
        "VlocityRecordSObjectType": "%vlocity_namespace%__DRMapItem__c"
    }
]