{
    "AccountId": "0015e000003I9Jb",
    "AssetIds": "02i5e0000005P7u,02i5e0000005P7v",
    "OrderId": null,
    "additionalData": {
        "AccountId": "0015e000003I9Jb",
        "OrderId": null
    },
    "asyncProcessId": "9876543",
    "asyncProcessName": "Bulk CPQ",
    "itemsToProcessSubsetList": [
        "02i5e0000005P7u",
        "02i5e0000005P7r",
        "02i5e0000005TG6",
        "02i5e0000005P7y",
        "02i5e0000005RZH"
    ],
    "referenceId": "12324",
    "stepName": "Validate",
    "stepNumber": 1
}