[
    {
        "%vlocity_namespace%__DisplayType__c": "ID",
        "%vlocity_namespace%__DomainObjectAPIName__c": "Turbo Extract",
        "%vlocity_namespace%__DomainObjectCreationOrder__c": 0,
        "%vlocity_namespace%__DomainObjectFieldAPIName__c": "Order",
        "%vlocity_namespace%__FilterGroup__c": 0,
        "%vlocity_namespace%__FilterOperator__c": "=",
        "%vlocity_namespace%__FilterValue__c": "OrderId",
        "%vlocity_namespace%__GlobalKey__c": "33a6eda6-c17e-6786-5a87-c1038ffaf06c",
        "%vlocity_namespace%__InterfaceFieldAPIName__c": "Id",
        "%vlocity_namespace%__InterfaceObjectLookupOrder__c": 1,
        "%vlocity_namespace%__InterfaceObjectName__c": "Order",
        "%vlocity_namespace%__IsDisabled__c": false,
        "%vlocity_namespace%__IsRequiredForUpsert__c": false,
        "%vlocity_namespace%__MapId__c": "GetAccountDetailsFromOrderCartCustom8550",
        "%vlocity_namespace%__OMplusSyncEnabled__c": true,
        "%vlocity_namespace%__UpsertKey__c": false,
        "Name": "GetAccountDetailsFromOrderCart",
        "VlocityDataPackType": "SObject",
        "VlocityRecordSObjectType": "%vlocity_namespace%__DRMapItem__c"
    },
    {
        "%vlocity_namespace%__DomainObjectAPIName__c": "Turbo Extract",
        "%vlocity_namespace%__DomainObjectCreationOrder__c": 1,
        "%vlocity_namespace%__DomainObjectFieldAPIName__c": "Order",
        "%vlocity_namespace%__GlobalKey__c": "865710de-3b31-d08e-42ec-5b851065f98d",
        "%vlocity_namespace%__InterfaceFieldAPIName__c": "%vlocity_namespace%__DefaultBillingAccountId__c",
        "%vlocity_namespace%__InterfaceObjectName__c": "Order",
        "%vlocity_namespace%__IsDisabled__c": false,
        "%vlocity_namespace%__IsRequiredForUpsert__c": false,
        "%vlocity_namespace%__MapId__c": "GetAccountDetailsFromOrderCartCustom8038",
        "%vlocity_namespace%__OMplusSyncEnabled__c": true,
        "%vlocity_namespace%__UpsertKey__c": false,
        "Name": "GetAccountDetailsFromOrderCart",
        "VlocityDataPackType": "SObject",
        "VlocityRecordSObjectType": "%vlocity_namespace%__DRMapItem__c"
    },
    {
        "%vlocity_namespace%__DomainObjectAPIName__c": "Turbo Extract",
        "%vlocity_namespace%__DomainObjectCreationOrder__c": 1,
        "%vlocity_namespace%__DomainObjectFieldAPIName__c": "Order",
        "%vlocity_namespace%__GlobalKey__c": "c215d09d-2f6d-970b-a239-ec73dc35f2c0",
        "%vlocity_namespace%__InterfaceFieldAPIName__c": "%vlocity_namespace%__DefaultServiceAccountId__c",
        "%vlocity_namespace%__InterfaceObjectName__c": "Order",
        "%vlocity_namespace%__IsDisabled__c": false,
        "%vlocity_namespace%__IsRequiredForUpsert__c": false,
        "%vlocity_namespace%__MapId__c": "GetAccountDetailsFromOrderCartCustom5574",
        "%vlocity_namespace%__OMplusSyncEnabled__c": true,
        "%vlocity_namespace%__UpsertKey__c": false,
        "Name": "GetAccountDetailsFromOrderCart",
        "VlocityDataPackType": "SObject",
        "VlocityRecordSObjectType": "%vlocity_namespace%__DRMapItem__c"
    },
    {
        "%vlocity_namespace%__DomainObjectAPIName__c": "Turbo Extract",
        "%vlocity_namespace%__DomainObjectCreationOrder__c": 1,
        "%vlocity_namespace%__DomainObjectFieldAPIName__c": "Order",
        "%vlocity_namespace%__GlobalKey__c": "39d476c4-8384-5b58-4f06-0342a30c5e64",
        "%vlocity_namespace%__InterfaceFieldAPIName__c": "AccountId",
        "%vlocity_namespace%__InterfaceObjectName__c": "Order",
        "%vlocity_namespace%__IsDisabled__c": false,
        "%vlocity_namespace%__IsRequiredForUpsert__c": false,
        "%vlocity_namespace%__MapId__c": "GetAccountDetailsFromOrderCartCustom3313",
        "%vlocity_namespace%__OMplusSyncEnabled__c": true,
        "%vlocity_namespace%__UpsertKey__c": false,
        "Name": "GetAccountDetailsFromOrderCart",
        "VlocityDataPackType": "SObject",
        "VlocityRecordSObjectType": "%vlocity_namespace%__DRMapItem__c"
    }
]