[
    {
        "%vlocity_namespace%__DomainObjectAPIName__c": "Formula",
        "%vlocity_namespace%__DomainObjectCreationOrder__c": 0,
        "%vlocity_namespace%__DomainObjectFieldAPIName__c": "Formula",
        "%vlocity_namespace%__FormulaOrder__c": 1,
        "%vlocity_namespace%__FormulaResultPath__c": "result",
        "%vlocity_namespace%__Formula__c": "FUNCTION('ESMSelfServiceCustomFunctions','getAssetReferenceIds',assetIdList)",
        "%vlocity_namespace%__GlobalKey__c": "345c3033-5110-5e75-2d36-10c82032d5dd",
        "%vlocity_namespace%__IsDisabled__c": false,
        "%vlocity_namespace%__IsRequiredForUpsert__c": false,
        "%vlocity_namespace%__MapId__c": "ESMSelfServiceGetAssetRefIdsFromAssetDetails11458312775551693",
        "%vlocity_namespace%__OMplusSyncEnabled__c": true,
        "%vlocity_namespace%__UpsertKey__c": false,
        "Name": "ESMSelfServiceGetAssetRefIdsFromAssetDetails",
        "VlocityDataPackType": "SObject",
        "VlocityRecordSObjectType": "%vlocity_namespace%__DRMapItem__c"
    },
    {
        "%vlocity_namespace%__DomainObjectAPIName__c": "json",
        "%vlocity_namespace%__DomainObjectCreationOrder__c": 1,
        "%vlocity_namespace%__DomainObjectFieldAPIName__c": "assetRefIdsList",
        "%vlocity_namespace%__GlobalKey__c": "77df4b5d-341d-ee4f-f987-d47c42915298",
        "%vlocity_namespace%__InterfaceFieldAPIName__c": "result",
        "%vlocity_namespace%__IsDisabled__c": false,
        "%vlocity_namespace%__IsRequiredForUpsert__c": false,
        "%vlocity_namespace%__MapId__c": "ESMSelfServiceGetAssetRefIdsFromAssetDetails6506682465601739",
        "%vlocity_namespace%__OMplusSyncEnabled__c": true,
        "%vlocity_namespace%__UpsertKey__c": false,
        "Name": "ESMSelfServiceGetAssetRefIdsFromAssetDetails",
        "VlocityDataPackType": "SObject",
        "VlocityRecordSObjectType": "%vlocity_namespace%__DRMapItem__c"
    }
]