[
    {
        "%vlocity_namespace%__DomainObjectAPIName__c": "Formula",
        "%vlocity_namespace%__DomainObjectCreationOrder__c": 0,
        "%vlocity_namespace%__DomainObjectFieldAPIName__c": "Formula",
        "%vlocity_namespace%__FormulaOrder__c": 1,
        "%vlocity_namespace%__FormulaResultPath__c": "listToObjectsResult",
        "%vlocity_namespace%__Formula__c": "FUNCTION('ListToObjectsFunctionImplementation','listToObjects',LIST(assetIds), \"Id\")",
        "%vlocity_namespace%__GlobalKey__c": "ea5858c3-94b8-c126-2c92-fb7b0e14cb6d",
        "%vlocity_namespace%__IsDisabled__c": false,
        "%vlocity_namespace%__IsRequiredForUpsert__c": false,
        "%vlocity_namespace%__MapId__c": "ESMSelfServiceTransformIdsToObjectsCustoma1h8Z000003fWNyQAMItem0",
        "%vlocity_namespace%__OMplusSyncEnabled__c": true,
        "%vlocity_namespace%__UpsertKey__c": false,
        "Name": "ESMSelfServiceTransformIdsToObjects",
        "VlocityDataPackType": "SObject",
        "VlocityRecordSObjectType": "%vlocity_namespace%__DRMapItem__c"
    },
    {
        "%vlocity_namespace%__DomainObjectAPIName__c": "json",
        "%vlocity_namespace%__DomainObjectCreationOrder__c": 1,
        "%vlocity_namespace%__DomainObjectFieldAPIName__c": "assetIds",
        "%vlocity_namespace%__GlobalKey__c": "ce439688-0e62-cf62-e4a0-d464f6977529",
        "%vlocity_namespace%__InterfaceFieldAPIName__c": "listToObjectsResult",
        "%vlocity_namespace%__IsDisabled__c": false,
        "%vlocity_namespace%__IsRequiredForUpsert__c": false,
        "%vlocity_namespace%__MapId__c": "ESMSelfServiceTransformIdsToObjectsCustoma1h8Z000003fWNyQAMItem1",
        "%vlocity_namespace%__OMplusSyncEnabled__c": true,
        "%vlocity_namespace%__UpsertKey__c": false,
        "Name": "ESMSelfServiceTransformIdsToObjects",
        "VlocityDataPackType": "SObject",
        "VlocityRecordSObjectType": "%vlocity_namespace%__DRMapItem__c"
    }
]