[
    {
        "%vlocity_namespace%__DisplayType__c": "ID",
        "%vlocity_namespace%__DomainObjectAPIName__c": "Turbo Extract",
        "%vlocity_namespace%__DomainObjectCreationOrder__c": 0,
        "%vlocity_namespace%__DomainObjectFieldAPIName__c": "QuoteMembers",
        "%vlocity_namespace%__FilterGroup__c": 0,
        "%vlocity_namespace%__FilterOperator__c": "IN",
        "%vlocity_namespace%__FilterValue__c": "QuoteMemberIds",
        "%vlocity_namespace%__GlobalKey__c": "096f68fd-a965-c029-4fac-d7674d17417d",
        "%vlocity_namespace%__InterfaceFieldAPIName__c": "Id",
        "%vlocity_namespace%__InterfaceObjectLookupOrder__c": 1,
        "%vlocity_namespace%__InterfaceObjectName__c": "%vlocity_namespace%__QuoteMember__c",
        "%vlocity_namespace%__IsDisabled__c": false,
        "%vlocity_namespace%__IsRequiredForUpsert__c": false,
        "%vlocity_namespace%__MapId__c": "GetQuoteMemberAddressesCustom9755",
        "%vlocity_namespace%__OMplusSyncEnabled__c": true,
        "%vlocity_namespace%__UpsertKey__c": false,
        "Name": "GetQuoteMemberAddresses",
        "VlocityDataPackType": "SObject",
        "VlocityRecordSObjectType": "%vlocity_namespace%__DRMapItem__c"
    },
    {
        "%vlocity_namespace%__DomainObjectAPIName__c": "Turbo Extract",
        "%vlocity_namespace%__DomainObjectCreationOrder__c": 1,
        "%vlocity_namespace%__DomainObjectFieldAPIName__c": "QuoteMembers",
        "%vlocity_namespace%__GlobalKey__c": "7fcd116f-3540-ae93-6d1d-232cd84c4480",
        "%vlocity_namespace%__InterfaceFieldAPIName__c": "%vlocity_namespace%__City__c",
        "%vlocity_namespace%__InterfaceObjectName__c": "%vlocity_namespace%__QuoteMember__c",
        "%vlocity_namespace%__IsDisabled__c": false,
        "%vlocity_namespace%__IsRequiredForUpsert__c": false,
        "%vlocity_namespace%__MapId__c": "GetQuoteMemberAddressesCustom5716",
        "%vlocity_namespace%__OMplusSyncEnabled__c": true,
        "%vlocity_namespace%__UpsertKey__c": false,
        "Name": "GetQuoteMemberAddresses",
        "VlocityDataPackType": "SObject",
        "VlocityRecordSObjectType": "%vlocity_namespace%__DRMapItem__c"
    },
    {
        "%vlocity_namespace%__DomainObjectAPIName__c": "Turbo Extract",
        "%vlocity_namespace%__DomainObjectCreationOrder__c": 1,
        "%vlocity_namespace%__DomainObjectFieldAPIName__c": "QuoteMembers",
        "%vlocity_namespace%__GlobalKey__c": "4886c7f3-f664-9d97-d20b-9891c275b6dc",
        "%vlocity_namespace%__InterfaceFieldAPIName__c": "%vlocity_namespace%__Country__c",
        "%vlocity_namespace%__InterfaceObjectName__c": "%vlocity_namespace%__QuoteMember__c",
        "%vlocity_namespace%__IsDisabled__c": false,
        "%vlocity_namespace%__IsRequiredForUpsert__c": false,
        "%vlocity_namespace%__MapId__c": "GetQuoteMemberAddressesCustom5517",
        "%vlocity_namespace%__OMplusSyncEnabled__c": true,
        "%vlocity_namespace%__UpsertKey__c": false,
        "Name": "GetQuoteMemberAddresses",
        "VlocityDataPackType": "SObject",
        "VlocityRecordSObjectType": "%vlocity_namespace%__DRMapItem__c"
    },
    {
        "%vlocity_namespace%__DomainObjectAPIName__c": "Turbo Extract",
        "%vlocity_namespace%__DomainObjectCreationOrder__c": 1,
        "%vlocity_namespace%__DomainObjectFieldAPIName__c": "QuoteMembers",
        "%vlocity_namespace%__GlobalKey__c": "4b559263-7d00-9856-9591-8d732cb2d1a5",
        "%vlocity_namespace%__InterfaceFieldAPIName__c": "%vlocity_namespace%__PostalCode__c",
        "%vlocity_namespace%__InterfaceObjectName__c": "%vlocity_namespace%__QuoteMember__c",
        "%vlocity_namespace%__IsDisabled__c": false,
        "%vlocity_namespace%__IsRequiredForUpsert__c": false,
        "%vlocity_namespace%__MapId__c": "GetQuoteMemberAddressesCustom2653",
        "%vlocity_namespace%__OMplusSyncEnabled__c": true,
        "%vlocity_namespace%__UpsertKey__c": false,
        "Name": "GetQuoteMemberAddresses",
        "VlocityDataPackType": "SObject",
        "VlocityRecordSObjectType": "%vlocity_namespace%__DRMapItem__c"
    },
    {
        "%vlocity_namespace%__DomainObjectAPIName__c": "Turbo Extract",
        "%vlocity_namespace%__DomainObjectCreationOrder__c": 1,
        "%vlocity_namespace%__DomainObjectFieldAPIName__c": "QuoteMembers",
        "%vlocity_namespace%__GlobalKey__c": "806e239c-fce3-811e-7899-70233d6eaa80",
        "%vlocity_namespace%__InterfaceFieldAPIName__c": "%vlocity_namespace%__State__c",
        "%vlocity_namespace%__InterfaceObjectName__c": "%vlocity_namespace%__QuoteMember__c",
        "%vlocity_namespace%__IsDisabled__c": false,
        "%vlocity_namespace%__IsRequiredForUpsert__c": false,
        "%vlocity_namespace%__MapId__c": "GetQuoteMemberAddressesCustom6629",
        "%vlocity_namespace%__OMplusSyncEnabled__c": true,
        "%vlocity_namespace%__UpsertKey__c": false,
        "Name": "GetQuoteMemberAddresses",
        "VlocityDataPackType": "SObject",
        "VlocityRecordSObjectType": "%vlocity_namespace%__DRMapItem__c"
    },
    {
        "%vlocity_namespace%__DomainObjectAPIName__c": "Turbo Extract",
        "%vlocity_namespace%__DomainObjectCreationOrder__c": 1,
        "%vlocity_namespace%__DomainObjectFieldAPIName__c": "QuoteMembers",
        "%vlocity_namespace%__GlobalKey__c": "f2e60b43-4c5c-9dff-3e1e-b3244b8823d8",
        "%vlocity_namespace%__InterfaceFieldAPIName__c": "%vlocity_namespace%__StreetAddress__c",
        "%vlocity_namespace%__InterfaceObjectName__c": "%vlocity_namespace%__QuoteMember__c",
        "%vlocity_namespace%__IsDisabled__c": false,
        "%vlocity_namespace%__IsRequiredForUpsert__c": false,
        "%vlocity_namespace%__MapId__c": "GetQuoteMemberAddressesCustom9852",
        "%vlocity_namespace%__OMplusSyncEnabled__c": true,
        "%vlocity_namespace%__UpsertKey__c": false,
        "Name": "GetQuoteMemberAddresses",
        "VlocityDataPackType": "SObject",
        "VlocityRecordSObjectType": "%vlocity_namespace%__DRMapItem__c"
    },
    {
        "%vlocity_namespace%__DomainObjectAPIName__c": "Turbo Extract",
        "%vlocity_namespace%__DomainObjectCreationOrder__c": 1,
        "%vlocity_namespace%__DomainObjectFieldAPIName__c": "QuoteMembers",
        "%vlocity_namespace%__GlobalKey__c": "e5137f8c-7ed9-fbbb-01f3-8870ee294fd4",
        "%vlocity_namespace%__InterfaceFieldAPIName__c": "Name",
        "%vlocity_namespace%__InterfaceObjectName__c": "%vlocity_namespace%__QuoteMember__c",
        "%vlocity_namespace%__IsDisabled__c": false,
        "%vlocity_namespace%__IsRequiredForUpsert__c": false,
        "%vlocity_namespace%__MapId__c": "GetQuoteMemberAddressesCustom7395",
        "%vlocity_namespace%__OMplusSyncEnabled__c": true,
        "%vlocity_namespace%__UpsertKey__c": false,
        "Name": "GetQuoteMemberAddresses",
        "VlocityDataPackType": "SObject",
        "VlocityRecordSObjectType": "%vlocity_namespace%__DRMapItem__c"
    }
]