{
    "result": [
        {
            "groupName": "Honda Civic w/ Assist",
            "message": "Honda Civic w/ Assist group already exists."
        },
        {
            "groupId": "a324x000000nCyLAAU",
            "groupInfo": {
                "contextId": "8014x000000lQgKAAU",
                "groupCart": {
                    "%vlocity_namespace%__DefaultBillingAccountId__c": "0014x00000EQV7GAAX",
                    "%vlocity_namespace%__DefaultServiceAccountId__c": "0014x00000EQV7GAAX",
                    "%vlocity_namespace%__NumberOfContractedMonths__c": null,
                    "%vlocity_namespace%__OrderGroupId__c": "a324x000000nCyLAAU",
                    "%vlocity_namespace%__OrderStatus__c": "Ready To Submit",
                    "%vlocity_namespace%__ParentOrderId__c": "8014x000000lQgKAAU",
                    "%vlocity_namespace%__PriceListId__c": "a3D4x000000lFS4EAM",
                    "%vlocity_namespace%__RequestedStartDate__c": null,
                    "AccountId": "0014x00000EQV7GAAX",
                    "EffectiveDate": "2021-07-07",
                    "Id": "8014x000000lQuMAAU",
                    "Name": "Pixel 3",
                    "OpportunityId": "0064x000008rhloAAA",
                    "Pricebook2Id": "01s4x000007Et7CAAS",
                    "RecordTypeId": "0124x000000pr5NAAQ",
                    "Status": "Draft",
                    "attributes": {
                        "type": "Order",
                        "url": "/services/data/v52.0/sobjects/Order/8014x000000lQuMAAU"
                    }
                },
                "groupCartId": "8014x000000lQuMAAU",
                "groupCartURL": "apex/%vlocity_namespace%__MultiServiceHybridCPQ?id=8014x000000lQuMAAU&parentId=0064x000008rhloAAA&groupCart=true&groupId=a324x000000nCyLAAU&contextId=8014x000000lQgKAAU&cartType=Order",
                "groupId": "a324x000000nCyLAAU",
                "groupName": "Pixel 3",
                "parentId": "0064x000008rhloAAA"
            },
            "groupName": "Pixel 3"
        },
        {
            "groupId": "a324x000000nCyMAAU",
            "groupInfo": {
                "contextId": "8014x000000lQgKAAU",
                "groupCart": {
                    "%vlocity_namespace%__DefaultBillingAccountId__c": "0014x00000EQV7GAAX",
                    "%vlocity_namespace%__DefaultServiceAccountId__c": "0014x00000EQV7GAAX",
                    "%vlocity_namespace%__NumberOfContractedMonths__c": null,
                    "%vlocity_namespace%__OrderGroupId__c": "a324x000000nCyMAAU",
                    "%vlocity_namespace%__OrderStatus__c": "Ready To Submit",
                    "%vlocity_namespace%__ParentOrderId__c": "8014x000000lQgKAAU",
                    "%vlocity_namespace%__PriceListId__c": "a3D4x000000lFS4EAM",
                    "%vlocity_namespace%__RequestedStartDate__c": null,
                    "AccountId": "0014x00000EQV7GAAX",
                    "EffectiveDate": "2021-07-07",
                    "Id": "8014x000000lQuNAAU",
                    "Name": "Macbook Pro",
                    "OpportunityId": "0064x000008rhloAAA",
                    "Pricebook2Id": "01s4x000007Et7CAAS",
                    "RecordTypeId": "0124x000000pr5NAAQ",
                    "Status": "Draft",
                    "attributes": {
                        "type": "Order",
                        "url": "/services/data/v52.0/sobjects/Order/8014x000000lQuNAAU"
                    }
                },
                "groupCartId": "8014x000000lQuNAAU",
                "groupCartURL": "apex/%vlocity_namespace%__MultiServiceHybridCPQ?id=8014x000000lQuNAAU&parentId=0064x000008rhloAAA&groupCart=true&groupId=a324x000000nCyMAAU&contextId=8014x000000lQgKAAU&cartType=Order",
                "groupId": "a324x000000nCyMAAU",
                "groupName": "Macbook Pro",
                "parentId": "0064x000008rhloAAA"
            },
            "groupName": "Macbook Pro"
        },
        {
            "groupId": "a324x000000nCyNAAU",
            "groupInfo": {
                "contextId": "8014x000000lQgKAAU",
                "groupCart": {
                    "%vlocity_namespace%__DefaultBillingAccountId__c": "0014x00000EQV7GAAX",
                    "%vlocity_namespace%__DefaultServiceAccountId__c": "0014x00000EQV7GAAX",
                    "%vlocity_namespace%__NumberOfContractedMonths__c": null,
                    "%vlocity_namespace%__OrderGroupId__c": "a324x000000nCyNAAU",
                    "%vlocity_namespace%__OrderStatus__c": "Ready To Submit",
                    "%vlocity_namespace%__ParentOrderId__c": "8014x000000lQgKAAU",
                    "%vlocity_namespace%__PriceListId__c": "a3D4x000000lFS4EAM",
                    "%vlocity_namespace%__RequestedStartDate__c": null,
                    "AccountId": "0014x00000EQV7GAAX",
                    "EffectiveDate": "2021-07-07",
                    "Id": "8014x000000lQuOAAU",
                    "Name": "Iphone 12",
                    "OpportunityId": "0064x000008rhloAAA",
                    "Pricebook2Id": "01s4x000007Et7CAAS",
                    "RecordTypeId": "0124x000000pr5NAAQ",
                    "Status": "Draft",
                    "attributes": {
                        "type": "Order",
                        "url": "/services/data/v52.0/sobjects/Order/8014x000000lQuOAAU"
                    }
                },
                "groupCartId": "8014x000000lQuOAAU",
                "groupCartURL": "apex/%vlocity_namespace%__MultiServiceHybridCPQ?id=8014x000000lQuOAAU&parentId=0064x000008rhloAAA&groupCart=true&groupId=a324x000000nCyNAAU&contextId=8014x000000lQgKAAU&cartType=Order",
                "groupId": "a324x000000nCyNAAU",
                "groupName": "Iphone 12",
                "parentId": "0064x000008rhloAAA"
            },
            "groupName": "Iphone 12"
        },
        {
            "groupId": "a324x000000nCyOAAU",
            "groupInfo": {
                "contextId": "8014x000000lQgKAAU",
                "groupCart": {
                    "%vlocity_namespace%__DefaultBillingAccountId__c": "0014x00000EQV7GAAX",
                    "%vlocity_namespace%__DefaultServiceAccountId__c": "0014x00000EQV7GAAX",
                    "%vlocity_namespace%__NumberOfContractedMonths__c": null,
                    "%vlocity_namespace%__OrderGroupId__c": "a324x000000nCyOAAU",
                    "%vlocity_namespace%__OrderStatus__c": "Ready To Submit",
                    "%vlocity_namespace%__ParentOrderId__c": "8014x000000lQgKAAU",
                    "%vlocity_namespace%__PriceListId__c": "a3D4x000000lFS4EAM",
                    "%vlocity_namespace%__RequestedStartDate__c": null,
                    "AccountId": "0014x00000EQV7GAAX",
                    "EffectiveDate": "2021-07-07",
                    "Id": "8014x000000lQuPAAU",
                    "Name": "HDMI Cable",
                    "OpportunityId": "0064x000008rhloAAA",
                    "Pricebook2Id": "01s4x000007Et7CAAS",
                    "RecordTypeId": "0124x000000pr5NAAQ",
                    "Status": "Draft",
                    "attributes": {
                        "type": "Order",
                        "url": "/services/data/v52.0/sobjects/Order/8014x000000lQuPAAU"
                    }
                },
                "groupCartId": "8014x000000lQuPAAU",
                "groupCartURL": "apex/%vlocity_namespace%__MultiServiceHybridCPQ?id=8014x000000lQuPAAU&parentId=0064x000008rhloAAA&groupCart=true&groupId=a324x000000nCyOAAU&contextId=8014x000000lQgKAAU&cartType=Order",
                "groupId": "a324x000000nCyOAAU",
                "groupName": "HDMI Cable",
                "parentId": "0064x000008rhloAAA"
            },
            "groupName": "HDMI Cable"
        }
    ]
}