{
    "groups": [
        {
            "groupId": "a3X8Z0000011GCUUA2",
            "groupInfo": {
                "contextId": "8018Z000006VnzDQAS",
                "groupCart": {
                    "%vlocity_namespace%__DefaultBillingAccountId__c": "0018Z00002fQjCvQAK",
                    "%vlocity_namespace%__DefaultServiceAccountId__c": "0018Z00002fQjCvQAK",
                    "%vlocity_namespace%__NumberOfContractedMonths__c": null,
                    "%vlocity_namespace%__OrderGroupId__c": "a3X8Z0000011GCUUA2",
                    "%vlocity_namespace%__OrderStatus__c": "Ready To Submit",
                    "%vlocity_namespace%__ParentOrderId__c": "8018Z000006VnzDQAS",
                    "%vlocity_namespace%__PriceListId__c": "a428Z0000015nN6QAI",
                    "%vlocity_namespace%__RequestedStartDate__c": "2022-07-06T20:00:00.000+0000",
                    "AccountId": "0018Z00002fQjCvQAK",
                    "EffectiveDate": "2022-07-07",
                    "Id": "8018Z000006VnzIQAS",
                    "Name": "Business Postpaid PRO Plan + Device",
                    "Pricebook2Id": "01s8Z000001n9bDQAQ",
                    "RecordTypeId": "0128Z000000wsFOQAY",
                    "Status": "Draft",
                    "attributes": {
                        "type": "Order",
                        "url": "/services/data/v55.0/sobjects/Order/8018Z000006VnzIQAS"
                    }
                },
                "groupCartId": "8018Z000006VnzIQAS",
                "groupCartURL": "apex/%vlocity_namespace%__MultiServiceHybridCPQ?id=8018Z000006VnzIQAS&parentId=null&groupCart=true&groupId=a3X8Z0000011GCUUA2&contextId=8018Z000006VnzDQAS&cartType=Order",
                "groupId": "a3X8Z0000011GCUUA2",
                "groupName": "Business Postpaid PRO Plan + Device",
                "parentId": null
            },
            "groupName": "Business Postpaid PRO Plan + Device"
        },
        {
            "groupId": "a3X8Z0000011GCVUA2",
            "groupInfo": {
                "contextId": "8018Z000006VnzDQAS",
                "groupCart": {
                    "%vlocity_namespace%__DefaultBillingAccountId__c": "0018Z00002fQjCvQAK",
                    "%vlocity_namespace%__DefaultServiceAccountId__c": "0018Z00002fQjCvQAK",
                    "%vlocity_namespace%__NumberOfContractedMonths__c": null,
                    "%vlocity_namespace%__OrderGroupId__c": "a3X8Z0000011GCVUA2",
                    "%vlocity_namespace%__OrderStatus__c": "Ready To Submit",
                    "%vlocity_namespace%__ParentOrderId__c": "8018Z000006VnzDQAS",
                    "%vlocity_namespace%__PriceListId__c": "a428Z0000015nN6QAI",
                    "%vlocity_namespace%__RequestedStartDate__c": "2022-07-06T20:00:00.000+0000",
                    "AccountId": "0018Z00002fQjCvQAK",
                    "EffectiveDate": "2022-07-07",
                    "Id": "8018Z000006VnzJQAS",
                    "Name": "iPhone 12",
                    "Pricebook2Id": "01s8Z000001n9bDQAQ",
                    "RecordTypeId": "0128Z000000wsFOQAY",
                    "Status": "Draft",
                    "attributes": {
                        "type": "Order",
                        "url": "/services/data/v55.0/sobjects/Order/8018Z000006VnzJQAS"
                    }
                },
                "groupCartId": "8018Z000006VnzJQAS",
                "groupCartURL": "apex/%vlocity_namespace%__MultiServiceHybridCPQ?id=8018Z000006VnzJQAS&parentId=null&groupCart=true&groupId=a3X8Z0000011GCVUA2&contextId=8018Z000006VnzDQAS&cartType=Order",
                "groupId": "a3X8Z0000011GCVUA2",
                "groupName": "iPhone 12",
                "parentId": null
            },
            "groupName": "iPhone 12"
        },
        {
            "groupId": "a3X8Z0000011GCWUA2",
            "groupInfo": {
                "contextId": "8018Z000006VnzDQAS",
                "groupCart": {
                    "%vlocity_namespace%__DefaultBillingAccountId__c": "0018Z00002fQjCvQAK",
                    "%vlocity_namespace%__DefaultServiceAccountId__c": "0018Z00002fQjCvQAK",
                    "%vlocity_namespace%__NumberOfContractedMonths__c": null,
                    "%vlocity_namespace%__OrderGroupId__c": "a3X8Z0000011GCWUA2",
                    "%vlocity_namespace%__OrderStatus__c": "Ready To Submit",
                    "%vlocity_namespace%__ParentOrderId__c": "8018Z000006VnzDQAS",
                    "%vlocity_namespace%__PriceListId__c": "a428Z0000015nN6QAI",
                    "%vlocity_namespace%__RequestedStartDate__c": "2022-07-06T20:00:00.000+0000",
                    "AccountId": "0018Z00002fQjCvQAK",
                    "EffectiveDate": "2022-07-07",
                    "Id": "8018Z000006VnzKQAS",
                    "Name": "Business Internet Essential",
                    "Pricebook2Id": "01s8Z000001n9bDQAQ",
                    "RecordTypeId": "0128Z000000wsFOQAY",
                    "Status": "Draft",
                    "attributes": {
                        "type": "Order",
                        "url": "/services/data/v55.0/sobjects/Order/8018Z000006VnzKQAS"
                    }
                },
                "groupCartId": "8018Z000006VnzKQAS",
                "groupCartURL": "apex/%vlocity_namespace%__MultiServiceHybridCPQ?id=8018Z000006VnzKQAS&parentId=null&groupCart=true&groupId=a3X8Z0000011GCWUA2&contextId=8018Z000006VnzDQAS&cartType=Order",
                "groupId": "a3X8Z0000011GCWUA2",
                "groupName": "Business Internet Essential",
                "parentId": null
            },
            "groupName": "Business Internet Essential"
        },
        {
            "groupName": "Business Postpaid PRO Plan + Device",
            "message": "Business Postpaid PRO Plan + Device group already exists."
        },
        {
            "groupName": "iPhone 12",
            "message": "iPhone 12 group already exists."
        },
        {
            "groupName": "Business Internet Essential",
            "message": "Business Internet Essential group already exists."
        }
    ]
}