{
    "result": [
        {
            "ProductId": "01t4x000000wlJoAAI",
            "groupId": "a324x000000nCy1AAE",
            "groupName": "01t4x000000wlJoAAI"
        },
        {
            "ProductId": "01t4x000000wlLkAAI",
            "groupId": "a324x000000nCy2AAE",
            "groupName": "01t4x000000wlLkAAI"
        },
        {
            "ProductId": "01t4x000000wmVCAAY",
            "groupId": "a324x000000nCy3AAE",
            "groupName": "01t4x000000wmVCAAY"
        },
        {
            "ProductId": "01t4x000000wv6kAAA",
            "groupId": "a324x000000nCy4AAE",
            "groupName": "01t4x000000wv6kAAA"
        }
    ]
}