{
    "result": [
        {
            "groupId": "a324x000000nCy1AAE",
            "groupInfo": {
                "contextId": "8014x000000lQgKAAU",
                "groupCart": {
                    "%vlocity_namespace%__DefaultBillingAccountId__c": "0014x00000EQV7GAAX",
                    "%vlocity_namespace%__DefaultServiceAccountId__c": "0014x00000EQV7GAAX",
                    "%vlocity_namespace%__NumberOfContractedMonths__c": null,
                    "%vlocity_namespace%__OrderGroupId__c": "a324x000000nCy1AAE",
                    "%vlocity_namespace%__OrderStatus__c": "Ready To Submit",
                    "%vlocity_namespace%__ParentOrderId__c": "8014x000000lQgKAAU",
                    "%vlocity_namespace%__PriceListId__c": "a3D4x000000lFS4EAM",
                    "%vlocity_namespace%__RequestedStartDate__c": null,
                    "AccountId": "0014x00000EQV7GAAX",
                    "EffectiveDate": "2021-07-07",
                    "Id": "8014x000000lQrrAAE",
                    "Name": "01t4x000000wlJoAAI",
                    "OpportunityId": "0064x000008rhloAAA",
                    "Pricebook2Id": "01s4x000007Et7CAAS",
                    "RecordTypeId": "0124x000000pr5NAAQ",
                    "Status": "Draft",
                    "attributes": {
                        "type": "Order",
                        "url": "/services/data/v52.0/sobjects/Order/8014x000000lQrrAAE"
                    }
                },
                "groupCartId": "8014x000000lQrrAAE",
                "groupCartURL": "apex/%vlocity_namespace%__MultiServiceHybridCPQ?id=8014x000000lQrrAAE&parentId=0064x000008rhloAAA&groupCart=true&groupId=a324x000000nCy1AAE&contextId=8014x000000lQgKAAU&cartType=Order",
                "groupId": "a324x000000nCy1AAE",
                "groupName": "01t4x000000wlJoAAI",
                "parentId": "0064x000008rhloAAA"
            },
            "groupName": "01t4x000000wlJoAAI"
        },
        {
            "groupId": "a324x000000nCy2AAE",
            "groupInfo": {
                "contextId": "8014x000000lQgKAAU",
                "groupCart": {
                    "%vlocity_namespace%__DefaultBillingAccountId__c": "0014x00000EQV7GAAX",
                    "%vlocity_namespace%__DefaultServiceAccountId__c": "0014x00000EQV7GAAX",
                    "%vlocity_namespace%__NumberOfContractedMonths__c": null,
                    "%vlocity_namespace%__OrderGroupId__c": "a324x000000nCy2AAE",
                    "%vlocity_namespace%__OrderStatus__c": "Ready To Submit",
                    "%vlocity_namespace%__ParentOrderId__c": "8014x000000lQgKAAU",
                    "%vlocity_namespace%__PriceListId__c": "a3D4x000000lFS4EAM",
                    "%vlocity_namespace%__RequestedStartDate__c": null,
                    "AccountId": "0014x00000EQV7GAAX",
                    "EffectiveDate": "2021-07-07",
                    "Id": "8014x000000lQrsAAE",
                    "Name": "01t4x000000wlLkAAI",
                    "OpportunityId": "0064x000008rhloAAA",
                    "Pricebook2Id": "01s4x000007Et7CAAS",
                    "RecordTypeId": "0124x000000pr5NAAQ",
                    "Status": "Draft",
                    "attributes": {
                        "type": "Order",
                        "url": "/services/data/v52.0/sobjects/Order/8014x000000lQrsAAE"
                    }
                },
                "groupCartId": "8014x000000lQrsAAE",
                "groupCartURL": "apex/%vlocity_namespace%__MultiServiceHybridCPQ?id=8014x000000lQrsAAE&parentId=0064x000008rhloAAA&groupCart=true&groupId=a324x000000nCy2AAE&contextId=8014x000000lQgKAAU&cartType=Order",
                "groupId": "a324x000000nCy2AAE",
                "groupName": "01t4x000000wlLkAAI",
                "parentId": "0064x000008rhloAAA"
            },
            "groupName": "01t4x000000wlLkAAI"
        },
        {
            "groupId": "a324x000000nCy3AAE",
            "groupInfo": {
                "contextId": "8014x000000lQgKAAU",
                "groupCart": {
                    "%vlocity_namespace%__DefaultBillingAccountId__c": "0014x00000EQV7GAAX",
                    "%vlocity_namespace%__DefaultServiceAccountId__c": "0014x00000EQV7GAAX",
                    "%vlocity_namespace%__NumberOfContractedMonths__c": null,
                    "%vlocity_namespace%__OrderGroupId__c": "a324x000000nCy3AAE",
                    "%vlocity_namespace%__OrderStatus__c": "Ready To Submit",
                    "%vlocity_namespace%__ParentOrderId__c": "8014x000000lQgKAAU",
                    "%vlocity_namespace%__PriceListId__c": "a3D4x000000lFS4EAM",
                    "%vlocity_namespace%__RequestedStartDate__c": null,
                    "AccountId": "0014x00000EQV7GAAX",
                    "EffectiveDate": "2021-07-07",
                    "Id": "8014x000000lQrtAAE",
                    "Name": "01t4x000000wmVCAAY",
                    "OpportunityId": "0064x000008rhloAAA",
                    "Pricebook2Id": "01s4x000007Et7CAAS",
                    "RecordTypeId": "0124x000000pr5NAAQ",
                    "Status": "Draft",
                    "attributes": {
                        "type": "Order",
                        "url": "/services/data/v52.0/sobjects/Order/8014x000000lQrtAAE"
                    }
                },
                "groupCartId": "8014x000000lQrtAAE",
                "groupCartURL": "apex/%vlocity_namespace%__MultiServiceHybridCPQ?id=8014x000000lQrtAAE&parentId=0064x000008rhloAAA&groupCart=true&groupId=a324x000000nCy3AAE&contextId=8014x000000lQgKAAU&cartType=Order",
                "groupId": "a324x000000nCy3AAE",
                "groupName": "01t4x000000wmVCAAY",
                "parentId": "0064x000008rhloAAA"
            },
            "groupName": "01t4x000000wmVCAAY"
        },
        {
            "groupId": "a324x000000nCy4AAE",
            "groupInfo": {
                "contextId": "8014x000000lQgKAAU",
                "groupCart": {
                    "%vlocity_namespace%__DefaultBillingAccountId__c": "0014x00000EQV7GAAX",
                    "%vlocity_namespace%__DefaultServiceAccountId__c": "0014x00000EQV7GAAX",
                    "%vlocity_namespace%__NumberOfContractedMonths__c": null,
                    "%vlocity_namespace%__OrderGroupId__c": "a324x000000nCy4AAE",
                    "%vlocity_namespace%__OrderStatus__c": "Ready To Submit",
                    "%vlocity_namespace%__ParentOrderId__c": "8014x000000lQgKAAU",
                    "%vlocity_namespace%__PriceListId__c": "a3D4x000000lFS4EAM",
                    "%vlocity_namespace%__RequestedStartDate__c": null,
                    "AccountId": "0014x00000EQV7GAAX",
                    "EffectiveDate": "2021-07-07",
                    "Id": "8014x000000lQruAAE",
                    "Name": "01t4x000000wv6kAAA",
                    "OpportunityId": "0064x000008rhloAAA",
                    "Pricebook2Id": "01s4x000007Et7CAAS",
                    "RecordTypeId": "0124x000000pr5NAAQ",
                    "Status": "Draft",
                    "attributes": {
                        "type": "Order",
                        "url": "/services/data/v52.0/sobjects/Order/8014x000000lQruAAE"
                    }
                },
                "groupCartId": "8014x000000lQruAAE",
                "groupCartURL": "apex/%vlocity_namespace%__MultiServiceHybridCPQ?id=8014x000000lQruAAE&parentId=0064x000008rhloAAA&groupCart=true&groupId=a324x000000nCy4AAE&contextId=8014x000000lQgKAAU&cartType=Order",
                "groupId": "a324x000000nCy4AAE",
                "groupName": "01t4x000000wv6kAAA",
                "parentId": "0064x000008rhloAAA"
            },
            "groupName": "01t4x000000wv6kAAA"
        }
    ]
}