[
    {
        "%vlocity_namespace%__DomainObjectAPIName__c": "json",
        "%vlocity_namespace%__DomainObjectCreationOrder__c": 1,
        "%vlocity_namespace%__DomainObjectFieldAPIName__c": "groups:Name",
        "%vlocity_namespace%__GlobalKey__c": "b95337ea-1377-12d6-3f24-d983ec793ab5",
        "%vlocity_namespace%__InterfaceFieldAPIName__c": "groups:groupName",
        "%vlocity_namespace%__IsDisabled__c": false,
        "%vlocity_namespace%__IsRequiredForUpsert__c": false,
        "%vlocity_namespace%__MapId__c": "ESMSelfServiceCustomiseGroupDetailsCustoma1h8Z000003fFRPQA2Item0",
        "%vlocity_namespace%__OMplusSyncEnabled__c": true,
        "%vlocity_namespace%__UpsertKey__c": false,
        "Name": "ESMSelfServiceCustomiseGroupDetails",
        "VlocityDataPackType": "SObject",
        "VlocityRecordSObjectType": "%vlocity_namespace%__DRMapItem__c"
    },
    {
        "%vlocity_namespace%__DomainObjectAPIName__c": "json",
        "%vlocity_namespace%__DomainObjectCreationOrder__c": 1,
        "%vlocity_namespace%__DomainObjectFieldAPIName__c": "groups:groupCartId",
        "%vlocity_namespace%__GlobalKey__c": "36efb3df-adfe-dc76-829c-7e5b55f10c57",
        "%vlocity_namespace%__InterfaceFieldAPIName__c": "groups:groupInfo:groupCart:Id",
        "%vlocity_namespace%__IsDisabled__c": false,
        "%vlocity_namespace%__IsRequiredForUpsert__c": false,
        "%vlocity_namespace%__MapId__c": "ESMSelfServiceCustomiseGroupDetailsCustoma1h8Z000003fFRPQA2Item1",
        "%vlocity_namespace%__OMplusSyncEnabled__c": true,
        "%vlocity_namespace%__UpsertKey__c": false,
        "Name": "ESMSelfServiceCustomiseGroupDetails",
        "VlocityDataPackType": "SObject",
        "VlocityRecordSObjectType": "%vlocity_namespace%__DRMapItem__c"
    },
    {
        "%vlocity_namespace%__DomainObjectAPIName__c": "json",
        "%vlocity_namespace%__DomainObjectCreationOrder__c": 1,
        "%vlocity_namespace%__DomainObjectFieldAPIName__c": "groups:groupId",
        "%vlocity_namespace%__GlobalKey__c": "0d3f41a0-08f5-a5e2-eb83-b218c96860fd",
        "%vlocity_namespace%__InterfaceFieldAPIName__c": "groups:groupId",
        "%vlocity_namespace%__IsDisabled__c": false,
        "%vlocity_namespace%__IsRequiredForUpsert__c": false,
        "%vlocity_namespace%__MapId__c": "ESMSelfServiceCustomiseGroupDetailsCustoma1h8Z000003fFRPQA2Item2",
        "%vlocity_namespace%__OMplusSyncEnabled__c": true,
        "%vlocity_namespace%__UpsertKey__c": false,
        "Name": "ESMSelfServiceCustomiseGroupDetails",
        "VlocityDataPackType": "SObject",
        "VlocityRecordSObjectType": "%vlocity_namespace%__DRMapItem__c"
    }
]