[
        {
                "%vlocity_namespace%__DomainObjectAPIName__c": "json",
                "%vlocity_namespace%__DomainObjectCreationOrder__c": 0,
                "%vlocity_namespace%__DomainObjectFieldAPIName__c": "CPQConfigurationSetup",
                "%vlocity_namespace%__FilterGroup__c": 0,
                "%vlocity_namespace%__FilterOperator__c": "=",
                "%vlocity_namespace%__FilterValue__c": "'UseAssetReferenceIdForParentAndRoot'",
                "%vlocity_namespace%__GlobalKey__c": "c22922f1-c8b2-14ee-6550-0f450b2a9836",
                "%vlocity_namespace%__InterfaceFieldAPIName__c": "Name",
                "%vlocity_namespace%__InterfaceObjectLookupOrder__c": 1,
                "%vlocity_namespace%__InterfaceObjectName__c": "%vlocity_namespace%__CpqConfigurationSetup__c",
                "%vlocity_namespace%__IsDisabled__c": false,
                "%vlocity_namespace%__IsRequiredForUpsert__c": false,
                "%vlocity_namespace%__MapId__c": "GetRootItemIdsFromItemCustom8549",
                "%vlocity_namespace%__OMplusSyncEnabled__c": true,
                "%vlocity_namespace%__UpsertKey__c": false,
                "Name": "GetRootItemIdsFromItem",
                "VlocityDataPackType": "SObject",
                "VlocityRecordSObjectType": "%vlocity_namespace%__DRMapItem__c"
        },
        {
                "%vlocity_namespace%__DomainObjectAPIName__c": "json",
                "%vlocity_namespace%__DomainObjectCreationOrder__c": 0,
                "%vlocity_namespace%__DomainObjectFieldAPIName__c": "QuoteLineItem",
                "%vlocity_namespace%__FilterGroup__c": 0,
                "%vlocity_namespace%__FilterOperator__c": "=",
                "%vlocity_namespace%__FilterValue__c": "CartItemId",
                "%vlocity_namespace%__GlobalKey__c": "ce9560ff-c49a-5723-aa12-b621dce32012",
                "%vlocity_namespace%__InterfaceFieldAPIName__c": "Id",
                "%vlocity_namespace%__InterfaceObjectLookupOrder__c": 2,
                "%vlocity_namespace%__InterfaceObjectName__c": "QuoteLineItem",
                "%vlocity_namespace%__IsDisabled__c": false,
                "%vlocity_namespace%__IsRequiredForUpsert__c": false,
                "%vlocity_namespace%__MapId__c": "GetRootItemIdsFromItemCustom5346",
                "%vlocity_namespace%__OMplusSyncEnabled__c": true,
                "%vlocity_namespace%__UpsertKey__c": false,
                "Name": "GetRootItemIdsFromItem",
                "VlocityDataPackType": "SObject",
                "VlocityRecordSObjectType": "%vlocity_namespace%__DRMapItem__c"
        },
        {
                "%vlocity_namespace%__DomainObjectAPIName__c": "Formula",
                "%vlocity_namespace%__DomainObjectCreationOrder__c": 0,
                "%vlocity_namespace%__DomainObjectFieldAPIName__c": "Formula",
                "%vlocity_namespace%__FormulaOrder__c": 1,
                "%vlocity_namespace%__FormulaResultPath__c": "FinalRootItemId",
                "%vlocity_namespace%__Formula__c": "IF(CPQConfigurationSetup:%vlocity_namespace%__SetupValue__c, QuoteLineItem:%vlocity_namespace%__RootItemId__c, QuoteLineItem:Id)",
                "%vlocity_namespace%__GlobalKey__c": "3d7828da-6948-cdce-2687-945b69fa0e52",
                "%vlocity_namespace%__IsDisabled__c": false,
                "%vlocity_namespace%__IsRequiredForUpsert__c": false,
                "%vlocity_namespace%__MapId__c": "GetRootItemIdsFromItemCustom4530",
                "%vlocity_namespace%__OMplusSyncEnabled__c": true,
                "%vlocity_namespace%__UpsertKey__c": false,
                "Name": "GetRootItemIdsFromItem",
                "VlocityDataPackType": "SObject",
                "VlocityRecordSObjectType": "%vlocity_namespace%__DRMapItem__c"
        },
        {
                "%vlocity_namespace%__DomainObjectAPIName__c": "json",
                "%vlocity_namespace%__DomainObjectCreationOrder__c": 1,
                "%vlocity_namespace%__DomainObjectFieldAPIName__c": "RootItemId",
                "%vlocity_namespace%__DomainObjectFieldType__c": "List<Map>",
                "%vlocity_namespace%__GlobalKey__c": "48bbb86e-0dd6-1a77-43f6-8236cf47dbd7",
                "%vlocity_namespace%__IsDisabled__c": false,
                "%vlocity_namespace%__IsRequiredForUpsert__c": false,
                "%vlocity_namespace%__MapId__c": "GetRootItemIdsFromItemCustom5177",
                "%vlocity_namespace%__OMplusSyncEnabled__c": true,
                "%vlocity_namespace%__UpsertKey__c": false,
                "Name": "GetRootItemIdsFromItem",
                "VlocityDataPackType": "SObject",
                "VlocityRecordSObjectType": "%vlocity_namespace%__DRMapItem__c"
        },
        {
                "%vlocity_namespace%__DomainObjectAPIName__c": "json",
                "%vlocity_namespace%__DomainObjectCreationOrder__c": 1,
                "%vlocity_namespace%__DomainObjectFieldAPIName__c": "RootItemId:Id",
                "%vlocity_namespace%__GlobalKey__c": "dd02ff5f-992d-3d9e-4fd3-42b080858025",
                "%vlocity_namespace%__InterfaceFieldAPIName__c": "FinalRootItemId",
                "%vlocity_namespace%__IsDisabled__c": false,
                "%vlocity_namespace%__IsRequiredForUpsert__c": false,
                "%vlocity_namespace%__MapId__c": "GetRootItemIdsFromItemCustom8865",
                "%vlocity_namespace%__OMplusSyncEnabled__c": true,
                "%vlocity_namespace%__UpsertKey__c": false,
                "Name": "GetRootItemIdsFromItem",
                "VlocityDataPackType": "SObject",
                "VlocityRecordSObjectType": "%vlocity_namespace%__DRMapItem__c"
        }
]