[
        {
                "%vlocity_namespace%__DisplayType__c": "BOOLEAN",
                "%vlocity_namespace%__DomainObjectAPIName__c": "Turbo Extract",
                "%vlocity_namespace%__DomainObjectCreationOrder__c": 0,
                "%vlocity_namespace%__DomainObjectFieldAPIName__c": "APIKey",
                "%vlocity_namespace%__FilterGroup__c": 0,
                "%vlocity_namespace%__FilterOperator__c": "=",
                "%vlocity_namespace%__FilterValue__c": "\"True\"",
                "%vlocity_namespace%__InterfaceFieldAPIName__c": "%vlocity_namespace%__isActive__c",
                "%vlocity_namespace%__InterfaceObjectLookupOrder__c": 1,
                "%vlocity_namespace%__InterfaceObjectName__c": "%vlocity_namespace%__VPLExpress__mdt",
                "%vlocity_namespace%__IsDisabled__c": false,
                "%vlocity_namespace%__IsRequiredForUpsert__c": false,
                "%vlocity_namespace%__MapId__c": "GetGoogleMapAPIKeyCustom8992",
                "%vlocity_namespace%__OMplusSyncEnabled__c": true,
                "%vlocity_namespace%__UpsertKey__c": false,
                "Name": "GetGoogleMapAPIKey",
                "VlocityDataPackType": "SObject",
                "VlocityRecordSObjectType": "%vlocity_namespace%__DRMapItem__c"
        },
        {
                "%vlocity_namespace%__DisplayType__c": "STRING",
                "%vlocity_namespace%__DomainObjectAPIName__c": "Turbo Extract",
                "%vlocity_namespace%__DomainObjectCreationOrder__c": 0,
                "%vlocity_namespace%__DomainObjectFieldAPIName__c": "APIKey",
                "%vlocity_namespace%__FilterGroup__c": 0,
                "%vlocity_namespace%__FilterOperator__c": "=",
                "%vlocity_namespace%__FilterValue__c": "DeveloperName",
                "%vlocity_namespace%__InterfaceFieldAPIName__c": "DeveloperName",
                "%vlocity_namespace%__InterfaceObjectLookupOrder__c": 1,
                "%vlocity_namespace%__InterfaceObjectName__c": "%vlocity_namespace%__VPLExpress__mdt",
                "%vlocity_namespace%__IsDisabled__c": false,
                "%vlocity_namespace%__IsRequiredForUpsert__c": false,
                "%vlocity_namespace%__MapId__c": "GetGoogleMapAPIKeyCustom4726",
                "%vlocity_namespace%__OMplusSyncEnabled__c": true,
                "%vlocity_namespace%__UpsertKey__c": false,
                "Name": "GetGoogleMapAPIKey",
                "VlocityDataPackType": "SObject",
                "VlocityRecordSObjectType": "%vlocity_namespace%__DRMapItem__c"
        },
        {
                "%vlocity_namespace%__DomainObjectAPIName__c": "Turbo Extract",
                "%vlocity_namespace%__DomainObjectCreationOrder__c": 1,
                "%vlocity_namespace%__DomainObjectFieldAPIName__c": "APIKey",
                "%vlocity_namespace%__InterfaceFieldAPIName__c": "%vlocity_namespace%__Value__c",
                "%vlocity_namespace%__InterfaceObjectName__c": "%vlocity_namespace%__VPLExpress__mdt",
                "%vlocity_namespace%__IsDisabled__c": false,
                "%vlocity_namespace%__IsRequiredForUpsert__c": false,
                "%vlocity_namespace%__MapId__c": "GetGoogleMapAPIKeyCustom3263",
                "%vlocity_namespace%__OMplusSyncEnabled__c": true,
                "%vlocity_namespace%__UpsertKey__c": false,
                "Name": "GetGoogleMapAPIKey",
                "VlocityDataPackType": "SObject",
                "VlocityRecordSObjectType": "%vlocity_namespace%__DRMapItem__c"
        }
]