[
    {
        "%vlocity_namespace%__DomainObjectAPIName__c": "Formula",
        "%vlocity_namespace%__DomainObjectCreationOrder__c": 0,
        "%vlocity_namespace%__DomainObjectFieldAPIName__c": "Formula",
        "%vlocity_namespace%__FormulaOrder__c": 1,
        "%vlocity_namespace%__FormulaResultPath__c": "listToObjectsResult",
        "%vlocity_namespace%__Formula__c": "FUNCTION('ListToObjectsFunctionImplementation','listToObjects',LIST(itemsToProcessSubsetList), \"Id\")",
        "%vlocity_namespace%__GlobalKey__c": "08d1bc16-39d4-7bf1-f92e-a2103f2f2937",
        "%vlocity_namespace%__IsDisabled__c": false,
        "%vlocity_namespace%__IsRequiredForUpsert__c": false,
        "%vlocity_namespace%__MapId__c": "ESMBulkQliRootItemsCodeTransform5635748175563984",
        "%vlocity_namespace%__OMplusSyncEnabled__c": true,
        "%vlocity_namespace%__UpsertKey__c": false,
        "Name": "ESMBulkQliRootItemsCodeTransform",
        "VlocityDataPackType": "SObject",
        "VlocityRecordSObjectType": "%vlocity_namespace%__DRMapItem__c"
    },
    {
        "%vlocity_namespace%__DomainObjectAPIName__c": "json",
        "%vlocity_namespace%__DomainObjectCreationOrder__c": 1,
        "%vlocity_namespace%__DomainObjectFieldAPIName__c": "itemsToProcessSubsetList",
        "%vlocity_namespace%__GlobalKey__c": "43c60cc2-af72-d078-96d1-adfa0b45b3fb",
        "%vlocity_namespace%__InterfaceFieldAPIName__c": "listToObjectsResult",
        "%vlocity_namespace%__IsDisabled__c": false,
        "%vlocity_namespace%__IsRequiredForUpsert__c": false,
        "%vlocity_namespace%__MapId__c": "ESMBulkQliRootItemsCodeTransform7964683056514816",
        "%vlocity_namespace%__OMplusSyncEnabled__c": true,
        "%vlocity_namespace%__UpsertKey__c": false,
        "Name": "ESMBulkQliRootItemsCodeTransform",
        "VlocityDataPackType": "SObject",
        "VlocityRecordSObjectType": "%vlocity_namespace%__DRMapItem__c"
    }
]