{
    "input": {
        "02iRN0000006rUqYAI": {
            "%vlocity_namespace%__AssetReferenceId__c": "3a2317c7-6d99-44bb-2252-8ae6ac3e8881",
            "%vlocity_namespace%__BillingAccountId__c": "001RN0000031H0AYAU",
            "%vlocity_namespace%__BillingAccountId__r": {
                "Id": "001RN0000031H0AYAU",
                "Name": "Pashupati Account",
                "attributes": {
                    "type": "Account",
                    "url": "/services/data/v55.0/sobjects/Account/001RN0000031H0AYAU"
                }
            },
            "%vlocity_namespace%__OneTimeTotal__c": 500,
            "%vlocity_namespace%__PriceListId__c": "a3GRN0000000cdI2AQ",
            "%vlocity_namespace%__PriceListId__r": {
                "Id": "a3GRN0000000cdI2AQ",
                "Name": "B2B Pricelist",
                "attributes": {
                    "type": "%vlocity_namespace%__PriceList__c",
                    "url": "/services/data/v55.0/sobjects/%vlocity_namespace%__PriceList__c/a3GRN0000000cdI2AQ"
                }
            },
            "%vlocity_namespace%__ProvisioningStatus__c": "Active",
            "%vlocity_namespace%__RecurringTotal__c": 30,
            "%vlocity_namespace%__ServiceAccountId__c": "001RN0000032YHDYA2",
            "%vlocity_namespace%__ServiceAccountId__r": {
                "Id": "001RN0000032YHDYA2",
                "Name": "600 North State Street",
                "attributes": {
                    "type": "Account",
                    "url": "/services/data/v55.0/sobjects/Account/001RN0000032YHDYA2"
                }
            },
            "Id": "02iRN0000006rUqYAI",
            "Name": "Business Internet Essential",
            "_flex": {
                "state0element0": true,
                "state0element0_child": true,
                "state0element0block_element0block_element0block_element0": true,
                "state0element0block_element0block_element0block_element0_child": true,
                "state0element0block_element0block_element0block_element0block_element0": true,
                "state0element0block_element0block_element0block_element0block_element0_child": true,
                "state0element0block_element0block_element0block_element0block_element1": false,
                "state0element0block_element0block_element0block_element0block_element1_child": false,
                "state0element0block_element0block_element0block_element0block_element2": true,
                "state0element0block_element0block_element0block_element0block_element2_child": true,
                "state0element0block_element1": false,
                "state0element0block_element1_child": false,
                "state0element0block_element2": true,
                "state0element0block_element2_child": true,
                "state0element1": true,
                "state0element1_child": true,
                "state0element1block_element1": false,
                "state0element1block_element1_child": false,
                "state0element2": false,
                "state0element2_child": false,
                "state0element3": false,
                "state0element3_child": false,
                "uniqueKey": "REC2"
            },
            "attributes": {
                "type": "Asset",
                "url": "/services/data/v55.0/sobjects/Asset/02iRN0000006rUqYAI"
            },
            "checked": "true",
            "uniqueKey": "REC2"
        },
        "02iRN0000006rUxYAI": {
            "%vlocity_namespace%__AssetReferenceId__c": "31847ac6-22f3-42b3-5bd0-1a3c00ddbc6c",
            "%vlocity_namespace%__BillingAccountId__c": "001RN0000031H0AYAU",
            "%vlocity_namespace%__BillingAccountId__r": {
                "Id": "001RN0000031H0AYAU",
                "Name": "Pashupati Account",
                "attributes": {
                    "type": "Account",
                    "url": "/services/data/v55.0/sobjects/Account/001RN0000031H0AYAU"
                }
            },
            "%vlocity_namespace%__OneTimeTotal__c": 500,
            "%vlocity_namespace%__PriceListId__c": "a3GRN0000000cdI2AQ",
            "%vlocity_namespace%__PriceListId__r": {
                "Id": "a3GRN0000000cdI2AQ",
                "Name": "B2B Pricelist",
                "attributes": {
                    "type": "%vlocity_namespace%__PriceList__c",
                    "url": "/services/data/v55.0/sobjects/%vlocity_namespace%__PriceList__c/a3GRN0000000cdI2AQ"
                }
            },
            "%vlocity_namespace%__ProvisioningStatus__c": "Active",
            "%vlocity_namespace%__RecurringTotal__c": 30,
            "%vlocity_namespace%__ServiceAccountId__c": "001RN0000032YHIYA2",
            "%vlocity_namespace%__ServiceAccountId__r": {
                "Id": "001RN0000032YHIYA2",
                "Name": "720 South Michigan Ave",
                "attributes": {
                    "type": "Account",
                    "url": "/services/data/v55.0/sobjects/Account/001RN0000032YHIYA2"
                }
            },
            "Id": "02iRN0000006rUxYAI",
            "Name": "Business Internet Essential",
            "_flex": {
                "state0element0": true,
                "state0element0_child": true,
                "state0element0block_element0block_element0block_element0": true,
                "state0element0block_element0block_element0block_element0_child": true,
                "state0element0block_element0block_element0block_element0block_element0": true,
                "state0element0block_element0block_element0block_element0block_element0_child": true,
                "state0element0block_element0block_element0block_element0block_element1": false,
                "state0element0block_element0block_element0block_element0block_element1_child": false,
                "state0element0block_element0block_element0block_element0block_element2": true,
                "state0element0block_element0block_element0block_element0block_element2_child": true,
                "state0element0block_element1": false,
                "state0element0block_element1_child": false,
                "state0element0block_element2": true,
                "state0element0block_element2_child": true,
                "state0element1": true,
                "state0element1_child": true,
                "state0element1block_element1": false,
                "state0element1block_element1_child": false,
                "state0element2": false,
                "state0element2_child": false,
                "state0element3": false,
                "state0element3_child": false,
                "uniqueKey": "REC1"
            },
            "attributes": {
                "type": "Asset",
                "url": "/services/data/v55.0/sobjects/Asset/02iRN0000006rUxYAI"
            },
            "checked": "true",
            "uniqueKey": "REC1"
        }
    }
}