{
    "%vlocity_namespace%__BatchSize__c": "",
    "%vlocity_namespace%__CheckFieldLevelSecurity__c": false,
    "%vlocity_namespace%__CustomInputClass__c": "",
    "%vlocity_namespace%__CustomOutputClass__c": "",
    "%vlocity_namespace%__DRMapItem__c": "ESMSelfServiceGetAssetReferenceIdFromAssetDetails_Mappings.json",
    "%vlocity_namespace%__DRMapName__c": "ESMSelfServiceGetAssetReferenceIdFromAssetDetails",
    "%vlocity_namespace%__DeleteOnSuccess__c": false,
    "%vlocity_namespace%__Description__c": "This DR gets the asset referenceID from Asset details",
    "%vlocity_namespace%__GlobalKey__c": "52d572d1-1aa3-ec97-3ef7-1f5293e28962",
    "%vlocity_namespace%__IgnoreErrors__c": false,
    "%vlocity_namespace%__InputCustom__c": "",
    "%vlocity_namespace%__InputJson__c": "ESMSelfServiceGetAssetReferenceIdFromAssetDetails_InputJson.json",
    "%vlocity_namespace%__InputType__c": "JSON",
    "%vlocity_namespace%__InputXml__c": "",
    "%vlocity_namespace%__InterfaceObject__c": "json",
    "%vlocity_namespace%__IsDefaultForInterface__c": false,
    "%vlocity_namespace%__IsProcessSuperBulk__c": false,
    "%vlocity_namespace%__OMplusSyncEnabled__c": true,
    "%vlocity_namespace%__OuboundStagingObjectDataField__c": "",
    "%vlocity_namespace%__OutboundConfigurationField__c": "",
    "%vlocity_namespace%__OutboundConfigurationName__c": "",
    "%vlocity_namespace%__OutboundStagingObjectName__c": "",
    "%vlocity_namespace%__OutputType__c": "JSON",
    "%vlocity_namespace%__OverwriteAllNullValues__c": false,
    "%vlocity_namespace%__PreprocessorClassName__c": "",
    "%vlocity_namespace%__ProcessNowThreshold__c": "",
    "%vlocity_namespace%__RequiredPermission__c": "",
    "%vlocity_namespace%__RollbackOnError__c": false,
    "%vlocity_namespace%__SalesforcePlatformCacheType__c": "",
    "%vlocity_namespace%__SampleInputCustom__c": "",
    "%vlocity_namespace%__SampleInputJSON__c": "{\n    \"input\": {\n        \"02iRN0000006rUqYAI\": {\n            },\n            \"Name\": \"Business Internet Essential\",\n            \"%vlocity_namespace%__BillingAccountId__c\": \"001RN0000031H0AYAU\",\n            \"%vlocity_namespace%__OneTimeTotal__c\": 500,\n            \"%vlocity_namespace%__ProvisioningStatus__c\": \"Active\",\n            \"%vlocity_namespace%__RecurringTotal__c\": 30,\n            \"%vlocity_namespace%__ServiceAccountId__c\": \"001RN0000032YHIYA2\",\n            \"%vlocity_namespace%__PriceListId__c\": \"a3GRN0000000cdI2AQ\",\n            \"%vlocity_namespace%__AssetReferenceId__c\": \"31847ac6-22f3-42b3-5bd0-1a3c00ddbc6c\",\n            \"%vlocity_namespace%__BillingAccountId__r\": {\n                \"attributes\": {\n                    \"type\": \"Account\",\n                    \"url\": \"/services/data/v55.0/sobjects/Account/001RN0000031H0AYAU\"\n                },\n                \"Name\": \"Pashupati Account\",\n                \"Id\": \"001RN0000031H0AYAU\"\n            },\n            \"%vlocity_namespace%__ServiceAccountId__r\": {\n                \"attributes\": {\n                    \"type\": \"Account\",\n                    \"url\": \"/services/data/v55.0/sobjects/Account/001RN0000032YHIYA2\"\n                },\n                \"Name\": \"720 South Michigan Ave\",\n                \"Id\": \"001RN0000032YHIYA2\"\n            },\n            \"%vlocity_namespace%__PriceListId__r\": {\n                \"attributes\": {\n                    \"type\": \"%vlocity_namespace%__PriceList__c\",\n                    \"url\": \"/services/data/v55.0/sobjects/%vlocity_namespace%__PriceList__c/a3GRN0000000cdI2AQ\"\n                },\n                \"Name\": \"B2B Pricelist\",\n                \"Id\": \"a3GRN0000000cdI2AQ\"\n            },\n            \"checked\": \"true\",\n            \"uniqueKey\": \"REC1\",\n            \"_flex\": {\n                \"uniqueKey\": \"REC1\",\n                \"state0element0\": true,\n                \"state0element0_child\": true,\n                \"state0element0block_element0block_element0block_element0\": true,\n                \"state0element0block_element0block_element0block_element0_child\": true,\n                \"state0element0block_element0block_element0block_element0block_element0\": true,\n                \"state0element0block_element0block_element0block_element0block_element0_child\": true,\n                \"state0element0block_element0block_element0block_element0block_element1\": false,\n                \"state0element0block_element0block_element0block_element0block_element1_child\": false,\n                \"state0element0block_element0block_element0block_element0block_element2\": true,\n                \"state0element0block_element0block_element0block_element0block_element2_child\": true,\n                \"state0element0block_element1\": false,\n                \"state0element0block_element1_child\": false,\n                \"state0element0block_element2\": true,\n                \"state0element0block_element2_child\": true,\n                \"state0element1\": true,\n                \"state0element1_child\": true,\n                \"state0element1block_element1\": false,\n                \"state0element1block_element1_child\": false,\n                \"state0element2\": false,\n                \"state0element2_child\": false,\n                \"state0element3\": false,\n                \"state0element3_child\": false\n            }\n        }\n    }\n}",
    "%vlocity_namespace%__SampleInputRows__c": "",
    "%vlocity_namespace%__SampleInputXML__c": "",
    "%vlocity_namespace%__TargetOutCustom__c": "",
    "%vlocity_namespace%__TargetOutDocuSignTemplateId__c": "",
    "%vlocity_namespace%__TargetOutJson__c": "",
    "%vlocity_namespace%__TargetOutPdfDocName__c": "",
    "%vlocity_namespace%__TargetOutXml__c": "",
    "%vlocity_namespace%__TimeToLiveMinutes__c": "",
    "%vlocity_namespace%__Type__c": "Transform",
    "%vlocity_namespace%__UseAssignmentRules__c": false,
    "%vlocity_namespace%__UseTranslations__c": false,
    "%vlocity_namespace%__XmlOutputSequence__c": "",
    "%vlocity_namespace%__XmlRemoveDeclaration__c": false,
    "Name": "ESMSelfServiceGetAssetReferenceIdFromAssetDetails",
    "VlocityDataPackType": "SObject",
    "VlocityRecordSObjectType": "%vlocity_namespace%__DRBundle__c",
    "VlocityRecordSourceKey": "%vlocity_namespace%__DRBundle__c/ESMSelfServiceGetAssetReferenceIdFromAssetDetails"
}