{
    "%vlocity_namespace%__BatchSize__c": "",
    "%vlocity_namespace%__CheckFieldLevelSecurity__c": false,
    "%vlocity_namespace%__CustomInputClass__c": "",
    "%vlocity_namespace%__CustomOutputClass__c": "",
    "%vlocity_namespace%__DRMapItem__c": "ESMGetLatestWorkingCart_Mappings.json",
    "%vlocity_namespace%__DRMapName__c": "ESMGetLatestWorkingCart",
    "%vlocity_namespace%__DeleteOnSuccess__c": false,
    "%vlocity_namespace%__Description__c": "This Turbo Extract helps you to get the working cart Id of a given Quote Id.",
    "%vlocity_namespace%__GlobalKey__c": "896168c9-7a43-c9ee-f636-e29f793b8f28",
    "%vlocity_namespace%__IgnoreErrors__c": false,
    "%vlocity_namespace%__InputCustom__c": "",
    "%vlocity_namespace%__InputJson__c": "",
    "%vlocity_namespace%__InputType__c": "JSON",
    "%vlocity_namespace%__InputXml__c": "",
    "%vlocity_namespace%__InterfaceObject__c": "json",
    "%vlocity_namespace%__IsDefaultForInterface__c": false,
    "%vlocity_namespace%__IsProcessSuperBulk__c": false,
    "%vlocity_namespace%__OMplusSyncEnabled__c": true,
    "%vlocity_namespace%__OuboundStagingObjectDataField__c": "",
    "%vlocity_namespace%__OutboundConfigurationField__c": "",
    "%vlocity_namespace%__OutboundConfigurationName__c": "",
    "%vlocity_namespace%__OutboundStagingObjectName__c": "",
    "%vlocity_namespace%__OutputType__c": "JSON",
    "%vlocity_namespace%__OverwriteAllNullValues__c": false,
    "%vlocity_namespace%__PreprocessorClassName__c": "",
    "%vlocity_namespace%__ProcessNowThreshold__c": "",
    "%vlocity_namespace%__RequiredPermission__c": "",
    "%vlocity_namespace%__RollbackOnError__c": false,
    "%vlocity_namespace%__SalesforcePlatformCacheType__c": "",
    "%vlocity_namespace%__SampleInputCustom__c": "",
    "%vlocity_namespace%__SampleInputJSON__c": "ESMGetLatestWorkingCart_SampleInputJson.json",
    "%vlocity_namespace%__SampleInputRows__c": "",
    "%vlocity_namespace%__SampleInputXML__c": "",
    "%vlocity_namespace%__TargetOutCustom__c": "",
    "%vlocity_namespace%__TargetOutDocuSignTemplateId__c": "",
    "%vlocity_namespace%__TargetOutJson__c": "",
    "%vlocity_namespace%__TargetOutPdfDocName__c": "",
    "%vlocity_namespace%__TargetOutXml__c": "",
    "%vlocity_namespace%__TimeToLiveMinutes__c": "",
    "%vlocity_namespace%__Type__c": "Turbo Extract",
    "%vlocity_namespace%__UseAssignmentRules__c": false,
    "%vlocity_namespace%__UseTranslations__c": false,
    "%vlocity_namespace%__XmlOutputSequence__c": "",
    "%vlocity_namespace%__XmlRemoveDeclaration__c": false,
    "Name": "ESMGetLatestWorkingCart",
    "VlocityDataPackType": "SObject",
    "VlocityRecordSObjectType": "%vlocity_namespace%__DRBundle__c",
    "VlocityRecordSourceKey": "%vlocity_namespace%__DRBundle__c/ESMGetLatestWorkingCart"
}