[
    {
        "%vlocity_namespace%__DomainObjectAPIName__c": "json",
        "%vlocity_namespace%__DomainObjectCreationOrder__c": 0,
        "%vlocity_namespace%__DomainObjectFieldAPIName__c": "QLI",
        "%vlocity_namespace%__FilterGroup__c": 0,
        "%vlocity_namespace%__FilterOperator__c": "=",
        "%vlocity_namespace%__FilterValue__c": "'$Vlocity.NULL'",
        "%vlocity_namespace%__GlobalKey__c": "811c36ca-bcc7-eca9-d94b-03864dcef7ea",
        "%vlocity_namespace%__InterfaceFieldAPIName__c": "%vlocity_namespace%__ParentItemId__c",
        "%vlocity_namespace%__InterfaceObjectLookupOrder__c": 1,
        "%vlocity_namespace%__InterfaceObjectName__c": "QuoteLineItem",
        "%vlocity_namespace%__IsDisabled__c": false,
        "%vlocity_namespace%__IsRequiredForUpsert__c": false,
        "%vlocity_namespace%__MapId__c": "ExtractAllQuoteRootItemForSummaryCustoma1V4x0000040GWqEAMItem2",
        "%vlocity_namespace%__UpsertKey__c": false,
        "Name": "ExtractAllQuoteRootItemForSummary",
        "VlocityDataPackType": "SObject",
        "VlocityRecordSObjectType": "%vlocity_namespace%__DRMapItem__c"
    },
    {
        "%vlocity_namespace%__DomainObjectAPIName__c": "json",
        "%vlocity_namespace%__DomainObjectCreationOrder__c": 0,
        "%vlocity_namespace%__DomainObjectFieldAPIName__c": "QLI",
        "%vlocity_namespace%__FilterGroup__c": 0,
        "%vlocity_namespace%__FilterOperator__c": "=",
        "%vlocity_namespace%__FilterValue__c": "QuoteId",
        "%vlocity_namespace%__GlobalKey__c": "f7a0bdf1-2311-d888-2f24-5a806d6864de",
        "%vlocity_namespace%__InterfaceFieldAPIName__c": "QuoteId",
        "%vlocity_namespace%__InterfaceObjectLookupOrder__c": 1,
        "%vlocity_namespace%__InterfaceObjectName__c": "QuoteLineItem",
        "%vlocity_namespace%__IsDisabled__c": false,
        "%vlocity_namespace%__IsRequiredForUpsert__c": false,
        "%vlocity_namespace%__MapId__c": "ExtractAllQuoteRootItemForSummaryCustoma1V4x0000040GWqEAMItem1",
        "%vlocity_namespace%__UpsertKey__c": false,
        "Name": "ExtractAllQuoteRootItemForSummary",
        "VlocityDataPackType": "SObject",
        "VlocityRecordSObjectType": "%vlocity_namespace%__DRMapItem__c"
    },
    {
        "%vlocity_namespace%__DomainObjectAPIName__c": "json",
        "%vlocity_namespace%__DomainObjectCreationOrder__c": 0,
        "%vlocity_namespace%__DomainObjectFieldAPIName__c": "QLI",
        "%vlocity_namespace%__FilterGroup__c": 0,
        "%vlocity_namespace%__FilterOperator__c": "ORDER BY",
        "%vlocity_namespace%__FilterValue__c": "%vlocity_namespace%__LineNumber__c",
        "%vlocity_namespace%__GlobalKey__c": "2e094b27-c8b6-264d-83fe-2431a66d8c71",
        "%vlocity_namespace%__InterfaceObjectLookupOrder__c": 1,
        "%vlocity_namespace%__InterfaceObjectName__c": "QuoteLineItem",
        "%vlocity_namespace%__IsDisabled__c": false,
        "%vlocity_namespace%__IsRequiredForUpsert__c": false,
        "%vlocity_namespace%__MapId__c": "ExtractAllQuoteRootItemForSummaryCustoma1V4x0000040GWqEAMItem0",
        "%vlocity_namespace%__UpsertKey__c": false,
        "Name": "ExtractAllQuoteRootItemForSummary",
        "VlocityDataPackType": "SObject",
        "VlocityRecordSObjectType": "%vlocity_namespace%__DRMapItem__c"
    },
    {
        "%vlocity_namespace%__DomainObjectAPIName__c": "json",
        "%vlocity_namespace%__DomainObjectCreationOrder__c": 1,
        "%vlocity_namespace%__DomainObjectFieldAPIName__c": "%vlocity_namespace%__OneTimeTotal__c:value",
        "%vlocity_namespace%__GlobalKey__c": "fa083dcb-17a1-04a8-e929-3e6fec187413",
        "%vlocity_namespace%__InterfaceFieldAPIName__c": "QLI:%vlocity_namespace%__OneTimeTotal__c",
        "%vlocity_namespace%__IsDisabled__c": false,
        "%vlocity_namespace%__IsRequiredForUpsert__c": false,
        "%vlocity_namespace%__MapId__c": "ExtractAllQuoteRootItemForSummaryCustom6349",
        "%vlocity_namespace%__UpsertKey__c": false,
        "Name": "ExtractAllQuoteRootItemForSummary",
        "VlocityDataPackType": "SObject",
        "VlocityRecordSObjectType": "%vlocity_namespace%__DRMapItem__c"
    },
    {
        "%vlocity_namespace%__DomainObjectAPIName__c": "json",
        "%vlocity_namespace%__DomainObjectCreationOrder__c": 1,
        "%vlocity_namespace%__DomainObjectFieldAPIName__c": "%vlocity_namespace%__QuoteGroupId__c",
        "%vlocity_namespace%__GlobalKey__c": "1f310489-fd10-2ef0-34e0-b687dfe76531",
        "%vlocity_namespace%__InterfaceFieldAPIName__c": "QLI:%vlocity_namespace%__QuoteGroupId__c",
        "%vlocity_namespace%__IsDisabled__c": false,
        "%vlocity_namespace%__IsRequiredForUpsert__c": false,
        "%vlocity_namespace%__MapId__c": "ExtractAllQuoteRootItemForSummaryCustom1396",
        "%vlocity_namespace%__UpsertKey__c": false,
        "Name": "ExtractAllQuoteRootItemForSummary",
        "VlocityDataPackType": "SObject",
        "VlocityRecordSObjectType": "%vlocity_namespace%__DRMapItem__c"
    },
    {
        "%vlocity_namespace%__DomainObjectAPIName__c": "json",
        "%vlocity_namespace%__DomainObjectCreationOrder__c": 1,
        "%vlocity_namespace%__DomainObjectFieldAPIName__c": "%vlocity_namespace%__QuoteGroupId__r:%vlocity_namespace%__MemberType__c",
        "%vlocity_namespace%__GlobalKey__c": "fdf14938-2d24-1680-c09b-cbd2f2448a40",
        "%vlocity_namespace%__InterfaceFieldAPIName__c": "QLI:%vlocity_namespace%__QuoteGroupId__r.%vlocity_namespace%__MemberType__c",
        "%vlocity_namespace%__IsDisabled__c": false,
        "%vlocity_namespace%__IsRequiredForUpsert__c": false,
        "%vlocity_namespace%__MapId__c": "ExtractAllQuoteRootItemForSummaryCustom7869",
        "%vlocity_namespace%__UpsertKey__c": false,
        "Name": "ExtractAllQuoteRootItemForSummary",
        "VlocityDataPackType": "SObject",
        "VlocityRecordSObjectType": "%vlocity_namespace%__DRMapItem__c"
    },
    {
        "%vlocity_namespace%__DomainObjectAPIName__c": "json",
        "%vlocity_namespace%__DomainObjectCreationOrder__c": 1,
        "%vlocity_namespace%__DomainObjectFieldAPIName__c": "%vlocity_namespace%__QuoteGroupId__r:Id",
        "%vlocity_namespace%__GlobalKey__c": "5ed18690-86e8-6fe9-2bc2-272b2e4e46b1",
        "%vlocity_namespace%__InterfaceFieldAPIName__c": "QLI:%vlocity_namespace%__QuoteGroupId__c",
        "%vlocity_namespace%__IsDisabled__c": false,
        "%vlocity_namespace%__IsRequiredForUpsert__c": false,
        "%vlocity_namespace%__MapId__c": "ExtractAllQuoteRootItemForSummaryCustom7171",
        "%vlocity_namespace%__UpsertKey__c": false,
        "Name": "ExtractAllQuoteRootItemForSummary",
        "VlocityDataPackType": "SObject",
        "VlocityRecordSObjectType": "%vlocity_namespace%__DRMapItem__c"
    },
    {
        "%vlocity_namespace%__DomainObjectAPIName__c": "json",
        "%vlocity_namespace%__DomainObjectCreationOrder__c": 1,
        "%vlocity_namespace%__DomainObjectFieldAPIName__c": "%vlocity_namespace%__QuoteGroupId__r:Name",
        "%vlocity_namespace%__GlobalKey__c": "c74a418e-7e48-5414-dea6-8a6ed09f8161",
        "%vlocity_namespace%__InterfaceFieldAPIName__c": "QLI:%vlocity_namespace%__QuoteGroupId__r.Name",
        "%vlocity_namespace%__IsDisabled__c": false,
        "%vlocity_namespace%__IsRequiredForUpsert__c": false,
        "%vlocity_namespace%__MapId__c": "ExtractAllQuoteRootItemForSummaryCustom2106",
        "%vlocity_namespace%__UpsertKey__c": false,
        "Name": "ExtractAllQuoteRootItemForSummary",
        "VlocityDataPackType": "SObject",
        "VlocityRecordSObjectType": "%vlocity_namespace%__DRMapItem__c"
    },
    {
        "%vlocity_namespace%__DomainObjectAPIName__c": "json",
        "%vlocity_namespace%__DomainObjectCreationOrder__c": 1,
        "%vlocity_namespace%__DomainObjectFieldAPIName__c": "%vlocity_namespace%__QuoteMemberId__c",
        "%vlocity_namespace%__GlobalKey__c": "aac7ea7a-383d-d303-f647-13cbfed43e95",
        "%vlocity_namespace%__InterfaceFieldAPIName__c": "QLI:%vlocity_namespace%__QuoteMemberId__c",
        "%vlocity_namespace%__IsDisabled__c": false,
        "%vlocity_namespace%__IsRequiredForUpsert__c": false,
        "%vlocity_namespace%__MapId__c": "ExtractAllQuoteRootItemForSummaryCustom3483",
        "%vlocity_namespace%__UpsertKey__c": false,
        "Name": "ExtractAllQuoteRootItemForSummary",
        "VlocityDataPackType": "SObject",
        "VlocityRecordSObjectType": "%vlocity_namespace%__DRMapItem__c"
    },
    {
        "%vlocity_namespace%__DomainObjectAPIName__c": "json",
        "%vlocity_namespace%__DomainObjectCreationOrder__c": 1,
        "%vlocity_namespace%__DomainObjectFieldAPIName__c": "%vlocity_namespace%__QuoteMemberId__r:%vlocity_namespace%__City__c",
        "%vlocity_namespace%__GlobalKey__c": "353e6348-2a54-a341-1c24-c56e8df7da5c",
        "%vlocity_namespace%__InterfaceFieldAPIName__c": "QLI:%vlocity_namespace%__QuoteMemberId__r.%vlocity_namespace%__City__c",
        "%vlocity_namespace%__IsDisabled__c": false,
        "%vlocity_namespace%__IsRequiredForUpsert__c": false,
        "%vlocity_namespace%__MapId__c": "ExtractAllQuoteRootItemForSummaryCustom3161",
        "%vlocity_namespace%__UpsertKey__c": false,
        "Name": "ExtractAllQuoteRootItemForSummary",
        "VlocityDataPackType": "SObject",
        "VlocityRecordSObjectType": "%vlocity_namespace%__DRMapItem__c"
    },
    {
        "%vlocity_namespace%__DomainObjectAPIName__c": "json",
        "%vlocity_namespace%__DomainObjectCreationOrder__c": 1,
        "%vlocity_namespace%__DomainObjectFieldAPIName__c": "%vlocity_namespace%__QuoteMemberId__r:%vlocity_namespace%__MemberType__c",
        "%vlocity_namespace%__GlobalKey__c": "0302297f-96eb-88c6-3f71-5b1a8f439731",
        "%vlocity_namespace%__InterfaceFieldAPIName__c": "QLI:%vlocity_namespace%__QuoteMemberId__r.%vlocity_namespace%__MemberType__c",
        "%vlocity_namespace%__IsDisabled__c": false,
        "%vlocity_namespace%__IsRequiredForUpsert__c": false,
        "%vlocity_namespace%__MapId__c": "ExtractAllQuoteRootItemForSummaryCustom4916",
        "%vlocity_namespace%__UpsertKey__c": false,
        "Name": "ExtractAllQuoteRootItemForSummary",
        "VlocityDataPackType": "SObject",
        "VlocityRecordSObjectType": "%vlocity_namespace%__DRMapItem__c"
    },
    {
        "%vlocity_namespace%__DomainObjectAPIName__c": "json",
        "%vlocity_namespace%__DomainObjectCreationOrder__c": 1,
        "%vlocity_namespace%__DomainObjectFieldAPIName__c": "%vlocity_namespace%__QuoteMemberId__r:%vlocity_namespace%__State__c",
        "%vlocity_namespace%__GlobalKey__c": "57498053-668f-d7df-37c7-b8d22cdb1ad3",
        "%vlocity_namespace%__InterfaceFieldAPIName__c": "QLI:%vlocity_namespace%__QuoteMemberId__r.%vlocity_namespace%__State__c",
        "%vlocity_namespace%__IsDisabled__c": false,
        "%vlocity_namespace%__IsRequiredForUpsert__c": false,
        "%vlocity_namespace%__MapId__c": "ExtractAllQuoteRootItemForSummaryCustom1417",
        "%vlocity_namespace%__UpsertKey__c": false,
        "Name": "ExtractAllQuoteRootItemForSummary",
        "VlocityDataPackType": "SObject",
        "VlocityRecordSObjectType": "%vlocity_namespace%__DRMapItem__c"
    },
    {
        "%vlocity_namespace%__DomainObjectAPIName__c": "json",
        "%vlocity_namespace%__DomainObjectCreationOrder__c": 1,
        "%vlocity_namespace%__DomainObjectFieldAPIName__c": "%vlocity_namespace%__QuoteMemberId__r:%vlocity_namespace%__StreetAddress__c",
        "%vlocity_namespace%__GlobalKey__c": "31a0b8d6-d1a8-58f9-9f51-237d45586ea7",
        "%vlocity_namespace%__InterfaceFieldAPIName__c": "QLI:%vlocity_namespace%__QuoteMemberId__r.%vlocity_namespace%__StreetAddress__c",
        "%vlocity_namespace%__IsDisabled__c": false,
        "%vlocity_namespace%__IsRequiredForUpsert__c": false,
        "%vlocity_namespace%__MapId__c": "ExtractAllQuoteRootItemForSummaryCustom3211",
        "%vlocity_namespace%__UpsertKey__c": false,
        "Name": "ExtractAllQuoteRootItemForSummary",
        "VlocityDataPackType": "SObject",
        "VlocityRecordSObjectType": "%vlocity_namespace%__DRMapItem__c"
    },
    {
        "%vlocity_namespace%__DomainObjectAPIName__c": "json",
        "%vlocity_namespace%__DomainObjectCreationOrder__c": 1,
        "%vlocity_namespace%__DomainObjectFieldAPIName__c": "%vlocity_namespace%__QuoteMemberId__r:Id",
        "%vlocity_namespace%__GlobalKey__c": "d0a5ffbe-9ac5-8e9d-6d18-4db6f513c6e3",
        "%vlocity_namespace%__InterfaceFieldAPIName__c": "QLI:%vlocity_namespace%__QuoteMemberId__r.Id",
        "%vlocity_namespace%__IsDisabled__c": false,
        "%vlocity_namespace%__IsRequiredForUpsert__c": false,
        "%vlocity_namespace%__MapId__c": "ExtractAllQuoteRootItemForSummaryCustom9672",
        "%vlocity_namespace%__UpsertKey__c": false,
        "Name": "ExtractAllQuoteRootItemForSummary",
        "VlocityDataPackType": "SObject",
        "VlocityRecordSObjectType": "%vlocity_namespace%__DRMapItem__c"
    },
    {
        "%vlocity_namespace%__DomainObjectAPIName__c": "json",
        "%vlocity_namespace%__DomainObjectCreationOrder__c": 1,
        "%vlocity_namespace%__DomainObjectFieldAPIName__c": "%vlocity_namespace%__QuoteMemberId__r:Name",
        "%vlocity_namespace%__GlobalKey__c": "d251ce49-b2b9-8461-da24-941a6e02dc9c",
        "%vlocity_namespace%__InterfaceFieldAPIName__c": "QLI:%vlocity_namespace%__QuoteMemberId__r.Name",
        "%vlocity_namespace%__IsDisabled__c": false,
        "%vlocity_namespace%__IsRequiredForUpsert__c": false,
        "%vlocity_namespace%__MapId__c": "ExtractAllQuoteRootItemForSummaryCustom9990",
        "%vlocity_namespace%__UpsertKey__c": false,
        "Name": "ExtractAllQuoteRootItemForSummary",
        "VlocityDataPackType": "SObject",
        "VlocityRecordSObjectType": "%vlocity_namespace%__DRMapItem__c"
    },
    {
        "%vlocity_namespace%__DomainObjectAPIName__c": "json",
        "%vlocity_namespace%__DomainObjectCreationOrder__c": 1,
        "%vlocity_namespace%__DomainObjectFieldAPIName__c": "%vlocity_namespace%__RecurringTotal__c:value",
        "%vlocity_namespace%__GlobalKey__c": "f5115170-be19-e822-1dd0-6d6cf52ff325",
        "%vlocity_namespace%__InterfaceFieldAPIName__c": "QLI:%vlocity_namespace%__RecurringTotal__c",
        "%vlocity_namespace%__IsDisabled__c": false,
        "%vlocity_namespace%__IsRequiredForUpsert__c": false,
        "%vlocity_namespace%__MapId__c": "ExtractAllQuoteRootItemForSummaryCustoma1V4x0000040GWqEAMItem6",
        "%vlocity_namespace%__UpsertKey__c": false,
        "Name": "ExtractAllQuoteRootItemForSummary",
        "VlocityDataPackType": "SObject",
        "VlocityRecordSObjectType": "%vlocity_namespace%__DRMapItem__c"
    },
    {
        "%vlocity_namespace%__DomainObjectAPIName__c": "json",
        "%vlocity_namespace%__DomainObjectCreationOrder__c": 1,
        "%vlocity_namespace%__DomainObjectFieldAPIName__c": "Id:value",
        "%vlocity_namespace%__DomainObjectFieldType__c": "String",
        "%vlocity_namespace%__GlobalKey__c": "c15c0877-6daf-815b-11d7-1b30be6dcac6",
        "%vlocity_namespace%__InterfaceFieldAPIName__c": "QLI:Id",
        "%vlocity_namespace%__IsDisabled__c": false,
        "%vlocity_namespace%__IsRequiredForUpsert__c": false,
        "%vlocity_namespace%__MapId__c": "ExtractAllQuoteRootItemForSummaryCustoma1V4x0000040GWqEAMItem3",
        "%vlocity_namespace%__UpsertKey__c": false,
        "Name": "ExtractAllQuoteRootItemForSummary",
        "VlocityDataPackType": "SObject",
        "VlocityRecordSObjectType": "%vlocity_namespace%__DRMapItem__c"
    },
    {
        "%vlocity_namespace%__DomainObjectAPIName__c": "json",
        "%vlocity_namespace%__DomainObjectCreationOrder__c": 1,
        "%vlocity_namespace%__DomainObjectFieldAPIName__c": "LineNumber",
        "%vlocity_namespace%__GlobalKey__c": "1553f43c-19d7-b3bf-eada-e6ab5ce63625",
        "%vlocity_namespace%__InterfaceFieldAPIName__c": "QLI:%vlocity_namespace%__LineNumber__c",
        "%vlocity_namespace%__IsDisabled__c": false,
        "%vlocity_namespace%__IsRequiredForUpsert__c": false,
        "%vlocity_namespace%__MapId__c": "ExtractAllQuoteRootItemForSummaryCustoma1V4x0000040GWqEAMItem5",
        "%vlocity_namespace%__UpsertKey__c": false,
        "Name": "ExtractAllQuoteRootItemForSummary",
        "VlocityDataPackType": "SObject",
        "VlocityRecordSObjectType": "%vlocity_namespace%__DRMapItem__c"
    },
    {
        "%vlocity_namespace%__DomainObjectAPIName__c": "json",
        "%vlocity_namespace%__DomainObjectCreationOrder__c": 1,
        "%vlocity_namespace%__DomainObjectFieldAPIName__c": "Name",
        "%vlocity_namespace%__GlobalKey__c": "2e571bc1-4228-0427-8c96-844eae85d734",
        "%vlocity_namespace%__InterfaceFieldAPIName__c": "QLI:Product2.Name",
        "%vlocity_namespace%__IsDisabled__c": false,
        "%vlocity_namespace%__IsRequiredForUpsert__c": false,
        "%vlocity_namespace%__MapId__c": "ExtractAllQuoteRootItemForSummaryCustoma1V4x0000040GWqEAMItem4",
        "%vlocity_namespace%__UpsertKey__c": false,
        "Name": "ExtractAllQuoteRootItemForSummary",
        "VlocityDataPackType": "SObject",
        "VlocityRecordSObjectType": "%vlocity_namespace%__DRMapItem__c"
    },
    {
        "%vlocity_namespace%__DomainObjectAPIName__c": "json",
        "%vlocity_namespace%__DomainObjectCreationOrder__c": 1,
        "%vlocity_namespace%__DomainObjectFieldAPIName__c": "Quantity:value",
        "%vlocity_namespace%__GlobalKey__c": "1b6f10c5-8146-4640-5cb7-3e53f3ed2af7",
        "%vlocity_namespace%__InterfaceFieldAPIName__c": "QLI:Quantity",
        "%vlocity_namespace%__IsDisabled__c": false,
        "%vlocity_namespace%__IsRequiredForUpsert__c": false,
        "%vlocity_namespace%__MapId__c": "ExtractAllQuoteRootItemForSummaryCustom7621",
        "%vlocity_namespace%__UpsertKey__c": false,
        "Name": "ExtractAllQuoteRootItemForSummary",
        "VlocityDataPackType": "SObject",
        "VlocityRecordSObjectType": "%vlocity_namespace%__DRMapItem__c"
    },
    {
        "%vlocity_namespace%__DomainObjectAPIName__c": "json",
        "%vlocity_namespace%__DomainObjectCreationOrder__c": 1,
        "%vlocity_namespace%__DomainObjectFieldAPIName__c": "productHierarchyPath",
        "%vlocity_namespace%__GlobalKey__c": "2afa100d-c7b6-81a3-d973-d92f1357a628",
        "%vlocity_namespace%__InterfaceFieldAPIName__c": "QLI:Product2Id",
        "%vlocity_namespace%__IsDisabled__c": false,
        "%vlocity_namespace%__IsRequiredForUpsert__c": false,
        "%vlocity_namespace%__MapId__c": "ExtractAllQuoteRootItemForSummaryCustom5761",
        "%vlocity_namespace%__UpsertKey__c": false,
        "Name": "ExtractAllQuoteRootItemForSummary",
        "VlocityDataPackType": "SObject",
        "VlocityRecordSObjectType": "%vlocity_namespace%__DRMapItem__c"
    },
    {
        "%vlocity_namespace%__DomainObjectAPIName__c": "json",
        "%vlocity_namespace%__DomainObjectCreationOrder__c": 1,
        "%vlocity_namespace%__DomainObjectFieldAPIName__c": "productId",
        "%vlocity_namespace%__GlobalKey__c": "0a9610e9-6085-2e78-c2c6-27695f604a2e",
        "%vlocity_namespace%__InterfaceFieldAPIName__c": "QLI:Product2Id",
        "%vlocity_namespace%__IsDisabled__c": false,
        "%vlocity_namespace%__IsRequiredForUpsert__c": false,
        "%vlocity_namespace%__MapId__c": "ExtractAllQuoteRootItemForSummaryCustom7074",
        "%vlocity_namespace%__UpsertKey__c": false,
        "Name": "ExtractAllQuoteRootItemForSummary",
        "VlocityDataPackType": "SObject",
        "VlocityRecordSObjectType": "%vlocity_namespace%__DRMapItem__c"
    }
]