{
    "ContextId": null,
    "IfNoMasterOrder": {
    },
    "IfUngroupedMembersExist": {
        "IterateMembers": {
        }
    },
    "IterateGroups": {
        "IterateMemebersFromGroup": {
        }
    },
    "timeStamp": null,
    "userId": null,
    "userName": null,
    "userProfile": null,
    "userTimeZone": null,
    "vlcPersistentComponent": {
    },
    "vlcTimeTracking": {
        "CreateSalesOrders": null,
        "GetGroupsFromQuote": null,
        "GetIndependentQuoteLineItems": null,
        "GetMasterOrder": null,
        "GetServiceAccountRecTypeId": null,
        "GetSubOrderRecordTypeId": null,
        "GetUngroupedMembers": null,
        "IfNoMasterOrder": null,
        "IfUngroupedMembersExist": null,
        "IterateGroups": null,
        "OrdersCreated": null,
        "SVForMasterOrder": null,
        "SetMasterOrder": null
    }
}