[
    {
        "%vlocity_namespace%__DomainObjectAPIName__c": "Formula",
        "%vlocity_namespace%__DomainObjectCreationOrder__c": 0,
        "%vlocity_namespace%__DomainObjectFieldAPIName__c": "Formula",
        "%vlocity_namespace%__FormulaOrder__c": 1,
        "%vlocity_namespace%__FormulaResultPath__c": "locationCount",
        "%vlocity_namespace%__Formula__c": "COUNTQUERY ( \"SELECT COUNT() FROM \t%vlocity_namespace%__OrderMember__c WHERE \t%vlocity_namespace%__OrderId__c = '{0}' and %vlocity_namespace%__MemberType__c ='Location'\", orderId )",
        "%vlocity_namespace%__GlobalKey__c": "628e94b1-6491-d422-d6b7-57aa20bb5de5",
        "%vlocity_namespace%__IsDisabled__c": false,
        "%vlocity_namespace%__IsRequiredForUpsert__c": false,
        "%vlocity_namespace%__MapId__c": "ESMExtractOrderMemberCount2995099961035932",
        "%vlocity_namespace%__OMplusSyncEnabled__c": true,
        "%vlocity_namespace%__UpsertKey__c": false,
        "Name": "ESMExtractOrderMemberCount",
        "VlocityDataPackType": "SObject",
        "VlocityRecordSObjectType": "%vlocity_namespace%__DRMapItem__c"
    },
    {
        "%vlocity_namespace%__DomainObjectAPIName__c": "Formula",
        "%vlocity_namespace%__DomainObjectCreationOrder__c": 0,
        "%vlocity_namespace%__DomainObjectFieldAPIName__c": "Formula",
        "%vlocity_namespace%__FormulaOrder__c": 2,
        "%vlocity_namespace%__FormulaResultPath__c": "subscriberCount",
        "%vlocity_namespace%__Formula__c": "COUNTQUERY ( \"SELECT COUNT() FROM \t%vlocity_namespace%__OrderMember__c WHERE \t%vlocity_namespace%__OrderId__c = '{0}' and %vlocity_namespace%__MemberType__c ='Subscriber'\", orderId )",
        "%vlocity_namespace%__GlobalKey__c": "1d2e82fd-a5f7-d52e-20ae-80502a0201dc",
        "%vlocity_namespace%__IsDisabled__c": false,
        "%vlocity_namespace%__IsRequiredForUpsert__c": false,
        "%vlocity_namespace%__MapId__c": "ESMExtractOrderMemberCount9032571844378183",
        "%vlocity_namespace%__OMplusSyncEnabled__c": true,
        "%vlocity_namespace%__UpsertKey__c": false,
        "Name": "ESMExtractOrderMemberCount",
        "VlocityDataPackType": "SObject",
        "VlocityRecordSObjectType": "%vlocity_namespace%__DRMapItem__c"
    },
    {
        "%vlocity_namespace%__DomainObjectAPIName__c": "json",
        "%vlocity_namespace%__DomainObjectCreationOrder__c": 1,
        "%vlocity_namespace%__DomainObjectFieldAPIName__c": "locationCount",
        "%vlocity_namespace%__GlobalKey__c": "aa905b69-4b12-57a7-a21d-37f37148264d",
        "%vlocity_namespace%__InterfaceFieldAPIName__c": "locationCount",
        "%vlocity_namespace%__IsDisabled__c": false,
        "%vlocity_namespace%__IsRequiredForUpsert__c": false,
        "%vlocity_namespace%__MapId__c": "ESMExtractOrderMemberCount9734982636874201",
        "%vlocity_namespace%__OMplusSyncEnabled__c": true,
        "%vlocity_namespace%__UpsertKey__c": false,
        "Name": "ESMExtractOrderMemberCount",
        "VlocityDataPackType": "SObject",
        "VlocityRecordSObjectType": "%vlocity_namespace%__DRMapItem__c"
    },
    {
        "%vlocity_namespace%__DomainObjectAPIName__c": "json",
        "%vlocity_namespace%__DomainObjectCreationOrder__c": 1,
        "%vlocity_namespace%__DomainObjectFieldAPIName__c": "subscriberCount",
        "%vlocity_namespace%__GlobalKey__c": "3af4f10f-fcc6-e809-b62b-1eec626ef9de",
        "%vlocity_namespace%__InterfaceFieldAPIName__c": "subscriberCount",
        "%vlocity_namespace%__IsDisabled__c": false,
        "%vlocity_namespace%__IsRequiredForUpsert__c": false,
        "%vlocity_namespace%__MapId__c": "ESMExtractOrderMemberCount2786753593749849",
        "%vlocity_namespace%__OMplusSyncEnabled__c": true,
        "%vlocity_namespace%__UpsertKey__c": false,
        "Name": "ESMExtractOrderMemberCount",
        "VlocityDataPackType": "SObject",
        "VlocityRecordSObjectType": "%vlocity_namespace%__DRMapItem__c"
    }
]