[
    {
        "%vlocity_namespace%__DomainObjectAPIName__c": "Formula",
        "%vlocity_namespace%__DomainObjectCreationOrder__c": 0,
        "%vlocity_namespace%__DomainObjectFieldAPIName__c": "Formula",
        "%vlocity_namespace%__FormulaOrder__c": 1,
        "%vlocity_namespace%__FormulaResultPath__c": "Members:%vlocity_namespace%__SelectedAssetIds",
        "%vlocity_namespace%__Formula__c": "SPLIT(Members:%vlocity_namespace%__SelectedAssetIds__c,',')",
        "%vlocity_namespace%__GlobalKey__c": "b9701b52-9268-e0ba-2b04-ed331be0fec0",
        "%vlocity_namespace%__IsDisabled__c": false,
        "%vlocity_namespace%__IsRequiredForUpsert__c": false,
        "%vlocity_namespace%__MapId__c": "ESMSelfServiceCreateSelectedAssetIdsListCustoma1h8Z000003fWFEQA2Item0",
        "%vlocity_namespace%__OMplusSyncEnabled__c": true,
        "%vlocity_namespace%__UpsertKey__c": false,
        "Name": "ESMSelfServiceCreateSelectedAssetIdsList",
        "VlocityDataPackType": "SObject",
        "VlocityRecordSObjectType": "%vlocity_namespace%__DRMapItem__c"
    },
    {
        "%vlocity_namespace%__DomainObjectAPIName__c": "json",
        "%vlocity_namespace%__DomainObjectCreationOrder__c": 1,
        "%vlocity_namespace%__DomainObjectFieldAPIName__c": "Members:SelectedAssetIds",
        "%vlocity_namespace%__DomainObjectFieldType__c": "List<String>",
        "%vlocity_namespace%__GlobalKey__c": "a983be00-55ae-69f1-2469-2c1833cacce8",
        "%vlocity_namespace%__InterfaceFieldAPIName__c": "Members:%vlocity_namespace%__SelectedAssetIds",
        "%vlocity_namespace%__IsDisabled__c": false,
        "%vlocity_namespace%__IsRequiredForUpsert__c": false,
        "%vlocity_namespace%__MapId__c": "ESMSelfServiceCreateSelectedAssetIdsListCustoma1h8Z000003fWFEQA2Item1",
        "%vlocity_namespace%__OMplusSyncEnabled__c": true,
        "%vlocity_namespace%__UpsertKey__c": false,
        "Name": "ESMSelfServiceCreateSelectedAssetIdsList",
        "VlocityDataPackType": "SObject",
        "VlocityRecordSObjectType": "%vlocity_namespace%__DRMapItem__c"
    }
]