[
    {
        "%vlocity_namespace%__DomainObjectAPIName__c": "Formula",
        "%vlocity_namespace%__DomainObjectCreationOrder__c": 0,
        "%vlocity_namespace%__DomainObjectFieldAPIName__c": "Formula",
        "%vlocity_namespace%__FormulaOrder__c": 1,
        "%vlocity_namespace%__FormulaResultPath__c": "listToObjectsResult",
        "%vlocity_namespace%__Formula__c": "FUNCTION('ListToObjectsFunctionImplementation','listToObjects',LIST(itemsToProcessSubsetList), \"Id\")",
        "%vlocity_namespace%__GlobalKey__c": "1c1666ab-ca2b-ef68-8bf4-60d26196666d",
        "%vlocity_namespace%__IsDisabled__c": false,
        "%vlocity_namespace%__IsRequiredForUpsert__c": false,
        "%vlocity_namespace%__MapId__c": "ESMBulkOliRootItemsCodeTransform0025256678452818537",
        "%vlocity_namespace%__OMplusSyncEnabled__c": true,
        "%vlocity_namespace%__UpsertKey__c": false,
        "Name": "ESMBulkOliRootItemsCodeTransform",
        "VlocityDataPackType": "SObject",
        "VlocityRecordSObjectType": "%vlocity_namespace%__DRMapItem__c"
    },
    {
        "%vlocity_namespace%__DomainObjectAPIName__c": "json",
        "%vlocity_namespace%__DomainObjectCreationOrder__c": 1,
        "%vlocity_namespace%__DomainObjectFieldAPIName__c": "itemsToProcessSubsetList",
        "%vlocity_namespace%__GlobalKey__c": "b6044a9f-fff4-f326-3a57-a585c88ca99c",
        "%vlocity_namespace%__InterfaceFieldAPIName__c": "listToObjectsResult",
        "%vlocity_namespace%__IsDisabled__c": false,
        "%vlocity_namespace%__IsRequiredForUpsert__c": false,
        "%vlocity_namespace%__MapId__c": "ESMBulkOliRootItemsCodeTransform03734027503340842",
        "%vlocity_namespace%__OMplusSyncEnabled__c": true,
        "%vlocity_namespace%__UpsertKey__c": false,
        "Name": "ESMBulkOliRootItemsCodeTransform",
        "VlocityDataPackType": "SObject",
        "VlocityRecordSObjectType": "%vlocity_namespace%__DRMapItem__c"
    }
]