{
    "bulkRequestType": "bulkChange",
    "memberType": "ServicePoint",
    "products": [
        {
            "Name": "Business Postpaid PRO Plan + Device",
            "PriceBookId": "01s8Z000001n9bDQAQ",
            "PricebookEntryId": "01u8Z00002kDOE3QAO",
            "ProductFamily": "None",
            "ProductId": "01t8Z00000AnjXsQAJ",
            "Quantity": 2,
            "assetIds": [
                "02i8Z00000X4krSQAR",
                "02i8Z00000X4kraQAB"
            ]
        },
        {
            "Name": "iPhone 12",
            "PriceBookId": "01s8Z000001n9bDQAQ",
            "PricebookEntryId": "01u8Z00002kDODPQA4",
            "ProductFamily": "None",
            "ProductId": "01t8Z00000AnjXEQAZ",
            "Quantity": 3,
            "assetIds": [
                "02i8Z00000X4kriQAB",
                "02i8Z00000X4krnQAB",
                "02i8Z00000X4krxQAB"
            ]
        },
        {
            "Name": "Business Internet Essential",
            "PriceBookId": "01s8Z000001n9bDQAQ",
            "PricebookEntryId": "01u8Z00002kDODpQAO",
            "ProductFamily": "Internet",
            "ProductId": "01t8Z00000AnjXZQAZ",
            "Quantity": 2,
            "assetIds": [
                "02i8Z00000X4ks2QAB",
                "02i8Z00000X4ks8QAB"
            ]
        }
    ]
}