{
    "memberType": "MemberType",
    "products": [
        {
            "Assets": [
                {
                    "Id": "02i4x000000pPETAA2",
                    "Quantity": 1
                }
            ],
            "Name": "Pixel 3",
            "PriceBookId": "01s4x000007Et7CAAS",
            "PricebookEntryId": "01u4x000001G5bSAAS",
            "ProductId": "01t4x000000wlJoAAI",
            "Quantity": 1
        },
        {
            "Assets": [
                {
                    "Id": "02i4x000000pPEsAAM",
                    "Quantity": 1
                }
            ],
            "Name": "Macbook Pro",
            "PriceBookId": "01s4x000007Et7CAAS",
            "PricebookEntryId": "01u4x000001G5akAAC",
            "ProductId": "01t4x000000wlLkAAI",
            "Quantity": 1
        },
        {
            "Assets": [
                {
                    "Id": "02i4x000000pQ7PAAU",
                    "Quantity": 1
                },
                {
                    "Id": "02i4x000000pQ7QAAU",
                    "Quantity": 1
                }
            ],
            "Name": "Iphone 12",
            "PriceBookId": "01s4x000007Et7CAAS",
            "PricebookEntryId": "01u4x000001G85aAAC",
            "ProductId": "01t4x000000wmVCAAY",
            "Quantity": 2
        },
        {
            "Assets": [
                {
                    "Id": "02i4x000000pRmoAAE",
                    "Quantity": 1
                }
            ],
            "Name": "HDMI Cable",
            "PriceBookId": "01s4x000007Et7CAAS",
            "PricebookEntryId": "01u4x000001GScoAAG",
            "ProductId": "01t4x000000wv6kAAA",
            "Quantity": 1
        }
    ]
}