[
    {
        "%vlocity_namespace%__DisplayType__c": "STRING",
        "%vlocity_namespace%__DomainObjectAPIName__c": "Turbo Extract",
        "%vlocity_namespace%__DomainObjectCreationOrder__c": 0,
        "%vlocity_namespace%__DomainObjectFieldAPIName__c": "QLI",
        "%vlocity_namespace%__FilterGroup__c": 0,
        "%vlocity_namespace%__FilterOperator__c": "=",
        "%vlocity_namespace%__FilterValue__c": "'$Vlocity:NULL'",
        "%vlocity_namespace%__InterfaceFieldAPIName__c": "%vlocity_namespace%__ParentItemId__c",
        "%vlocity_namespace%__InterfaceObjectLookupOrder__c": 1,
        "%vlocity_namespace%__InterfaceObjectName__c": "QuoteLineItem",
        "%vlocity_namespace%__IsDisabled__c": false,
        "%vlocity_namespace%__IsRequiredForUpsert__c": false,
        "%vlocity_namespace%__MapId__c": "B2BQueryParentQLIs6297455963056373",
        "%vlocity_namespace%__UpsertKey__c": false,
        "Name": "B2BQueryParentQLIs",
        "VlocityDataPackType": "SObject",
        "VlocityRecordSObjectType": "%vlocity_namespace%__DRMapItem__c"
    },
    {
        "%vlocity_namespace%__DisplayType__c": "ID",
        "%vlocity_namespace%__DomainObjectAPIName__c": "Turbo Extract",
        "%vlocity_namespace%__DomainObjectCreationOrder__c": 0,
        "%vlocity_namespace%__DomainObjectFieldAPIName__c": "QLI",
        "%vlocity_namespace%__FilterGroup__c": 0,
        "%vlocity_namespace%__FilterOperator__c": "IN",
        "%vlocity_namespace%__FilterValue__c": "NewSQLIsId",
        "%vlocity_namespace%__InterfaceFieldAPIName__c": "Id",
        "%vlocity_namespace%__InterfaceObjectLookupOrder__c": 1,
        "%vlocity_namespace%__InterfaceObjectName__c": "QuoteLineItem",
        "%vlocity_namespace%__IsDisabled__c": false,
        "%vlocity_namespace%__IsRequiredForUpsert__c": false,
        "%vlocity_namespace%__MapId__c": "B2BQueryParentQLIs4876444970616285",
        "%vlocity_namespace%__UpsertKey__c": false,
        "Name": "B2BQueryParentQLIs",
        "VlocityDataPackType": "SObject",
        "VlocityRecordSObjectType": "%vlocity_namespace%__DRMapItem__c"
    },
    {
        "%vlocity_namespace%__DisplayType__c": "STRING",
        "%vlocity_namespace%__DomainObjectAPIName__c": "Turbo Extract",
        "%vlocity_namespace%__DomainObjectCreationOrder__c": 1,
        "%vlocity_namespace%__DomainObjectFieldAPIName__c": "QLI",
        "%vlocity_namespace%__InterfaceFieldAPIName__c": "%vlocity_namespace%__RootItemId__c",
        "%vlocity_namespace%__InterfaceObjectName__c": "QuoteLineItem",
        "%vlocity_namespace%__IsDisabled__c": false,
        "%vlocity_namespace%__IsRequiredForUpsert__c": false,
        "%vlocity_namespace%__MapId__c": "B2BQueryParentQLIs1858834575621351",
        "%vlocity_namespace%__UpsertKey__c": false,
        "Name": "B2BQueryParentQLIs",
        "VlocityDataPackType": "SObject",
        "VlocityRecordSObjectType": "%vlocity_namespace%__DRMapItem__c"
    }
]