[
    {
        "%vlocity_namespace%__DomainObjectAPIName__c": "Formula",
        "%vlocity_namespace%__DomainObjectCreationOrder__c": 0,
        "%vlocity_namespace%__DomainObjectFieldAPIName__c": "Formula",
        "%vlocity_namespace%__FormulaOrder__c": 1,
        "%vlocity_namespace%__FormulaResultPath__c": "PlaceResponse:street",
        "%vlocity_namespace%__Formula__c": "IF(EXIST(PlaceResponse:types, 'street_number'), PlaceResponse:long_name, \"\")",
        "%vlocity_namespace%__GlobalKey__c": "94540267-ec92-f4f0-54ea-c86617c047c9",
        "%vlocity_namespace%__IsDisabled__c": false,
        "%vlocity_namespace%__IsRequiredForUpsert__c": false,
        "%vlocity_namespace%__MapId__c": "GoogleMapsPlacesTransformCustom687",
        "%vlocity_namespace%__OMplusSyncEnabled__c": true,
        "%vlocity_namespace%__UpsertKey__c": false,
        "Name": "GoogleMapsPlacesTransform",
        "VlocityDataPackType": "SObject",
        "VlocityRecordSObjectType": "%vlocity_namespace%__DRMapItem__c"
    },
    {
        "%vlocity_namespace%__DomainObjectAPIName__c": "Formula",
        "%vlocity_namespace%__DomainObjectCreationOrder__c": 0,
        "%vlocity_namespace%__DomainObjectFieldAPIName__c": "Formula",
        "%vlocity_namespace%__FormulaOrder__c": 2,
        "%vlocity_namespace%__FormulaResultPath__c": "PlaceResponse:street",
        "%vlocity_namespace%__Formula__c": "IF(EXIST(PlaceResponse:types, 'street'), PlaceResponse:long_name, PlaceResponse:street)",
        "%vlocity_namespace%__GlobalKey__c": "b5684b85-6c0f-55b8-aa66-b5242f308ec2",
        "%vlocity_namespace%__IsDisabled__c": false,
        "%vlocity_namespace%__IsRequiredForUpsert__c": false,
        "%vlocity_namespace%__MapId__c": "GoogleMapsPlacesTransformCustom7444",
        "%vlocity_namespace%__OMplusSyncEnabled__c": true,
        "%vlocity_namespace%__UpsertKey__c": false,
        "Name": "GoogleMapsPlacesTransform",
        "VlocityDataPackType": "SObject",
        "VlocityRecordSObjectType": "%vlocity_namespace%__DRMapItem__c"
    },
    {
        "%vlocity_namespace%__DomainObjectAPIName__c": "Formula",
        "%vlocity_namespace%__DomainObjectCreationOrder__c": 0,
        "%vlocity_namespace%__DomainObjectFieldAPIName__c": "Formula",
        "%vlocity_namespace%__FormulaOrder__c": 3,
        "%vlocity_namespace%__FormulaResultPath__c": "PlaceResponse:street",
        "%vlocity_namespace%__Formula__c": "IF(EXIST(PlaceResponse:types, 'route'), PlaceResponse:long_name, PlaceResponse:street)",
        "%vlocity_namespace%__GlobalKey__c": "209d2840-65db-7705-03b3-7c49a67c5d32",
        "%vlocity_namespace%__IsDisabled__c": false,
        "%vlocity_namespace%__IsRequiredForUpsert__c": false,
        "%vlocity_namespace%__MapId__c": "GoogleMapsPlacesTransformCustom7000",
        "%vlocity_namespace%__OMplusSyncEnabled__c": true,
        "%vlocity_namespace%__UpsertKey__c": false,
        "Name": "GoogleMapsPlacesTransform",
        "VlocityDataPackType": "SObject",
        "VlocityRecordSObjectType": "%vlocity_namespace%__DRMapItem__c"
    },
    {
        "%vlocity_namespace%__DomainObjectAPIName__c": "Formula",
        "%vlocity_namespace%__DomainObjectCreationOrder__c": 0,
        "%vlocity_namespace%__DomainObjectFieldAPIName__c": "Formula",
        "%vlocity_namespace%__FormulaOrder__c": 4,
        "%vlocity_namespace%__FormulaResultPath__c": "PlaceResponse:locality",
        "%vlocity_namespace%__Formula__c": "IF(EXIST(PlaceResponse:types, 'locality'), PlaceResponse:long_name, \"\")",
        "%vlocity_namespace%__GlobalKey__c": "2318bc15-7cae-0578-d723-94b80348d462",
        "%vlocity_namespace%__IsDisabled__c": false,
        "%vlocity_namespace%__IsRequiredForUpsert__c": false,
        "%vlocity_namespace%__MapId__c": "GoogleMapsPlacesTransformCustom4016",
        "%vlocity_namespace%__OMplusSyncEnabled__c": true,
        "%vlocity_namespace%__UpsertKey__c": false,
        "Name": "GoogleMapsPlacesTransform",
        "VlocityDataPackType": "SObject",
        "VlocityRecordSObjectType": "%vlocity_namespace%__DRMapItem__c"
    },
    {
        "%vlocity_namespace%__DomainObjectAPIName__c": "Formula",
        "%vlocity_namespace%__DomainObjectCreationOrder__c": 0,
        "%vlocity_namespace%__DomainObjectFieldAPIName__c": "Formula",
        "%vlocity_namespace%__FormulaOrder__c": 5,
        "%vlocity_namespace%__FormulaResultPath__c": "PlaceResponse:administrative_area_level_1",
        "%vlocity_namespace%__Formula__c": "IF(EXIST(PlaceResponse:types, 'administrative_area_level_1'), PlaceResponse:long_name, \"\")",
        "%vlocity_namespace%__GlobalKey__c": "e18ecbd3-6392-ea63-8d02-dac6a132f831",
        "%vlocity_namespace%__IsDisabled__c": false,
        "%vlocity_namespace%__IsRequiredForUpsert__c": false,
        "%vlocity_namespace%__MapId__c": "GoogleMapsPlacesTransformCustom9600",
        "%vlocity_namespace%__OMplusSyncEnabled__c": true,
        "%vlocity_namespace%__UpsertKey__c": false,
        "Name": "GoogleMapsPlacesTransform",
        "VlocityDataPackType": "SObject",
        "VlocityRecordSObjectType": "%vlocity_namespace%__DRMapItem__c"
    },
    {
        "%vlocity_namespace%__DomainObjectAPIName__c": "Formula",
        "%vlocity_namespace%__DomainObjectCreationOrder__c": 0,
        "%vlocity_namespace%__DomainObjectFieldAPIName__c": "Formula",
        "%vlocity_namespace%__FormulaOrder__c": 6,
        "%vlocity_namespace%__FormulaResultPath__c": "PlaceResponse:administrative_area_level_2",
        "%vlocity_namespace%__Formula__c": "IF(EXIST(PlaceResponse:types, 'administrative_area_level_2'), PlaceResponse:long_name, \"\")",
        "%vlocity_namespace%__GlobalKey__c": "cb1ae4cf-f39c-528a-aa00-1e6e22afca38",
        "%vlocity_namespace%__IsDisabled__c": false,
        "%vlocity_namespace%__IsRequiredForUpsert__c": false,
        "%vlocity_namespace%__MapId__c": "GoogleMapsPlacesTransformCustom9131",
        "%vlocity_namespace%__OMplusSyncEnabled__c": true,
        "%vlocity_namespace%__UpsertKey__c": false,
        "Name": "GoogleMapsPlacesTransform",
        "VlocityDataPackType": "SObject",
        "VlocityRecordSObjectType": "%vlocity_namespace%__DRMapItem__c"
    },
    {
        "%vlocity_namespace%__DomainObjectAPIName__c": "Formula",
        "%vlocity_namespace%__DomainObjectCreationOrder__c": 0,
        "%vlocity_namespace%__DomainObjectFieldAPIName__c": "Formula",
        "%vlocity_namespace%__FormulaOrder__c": 7,
        "%vlocity_namespace%__FormulaResultPath__c": "PlaceResponse:postal_code",
        "%vlocity_namespace%__Formula__c": "IF(EXIST(PlaceResponse:types, 'postal_code'), PlaceResponse:long_name, \"\")",
        "%vlocity_namespace%__GlobalKey__c": "1a8c33ea-30d5-1deb-8f96-21e7a0a16257",
        "%vlocity_namespace%__IsDisabled__c": false,
        "%vlocity_namespace%__IsRequiredForUpsert__c": false,
        "%vlocity_namespace%__MapId__c": "GoogleMapsPlacesTransformCustom4030",
        "%vlocity_namespace%__OMplusSyncEnabled__c": true,
        "%vlocity_namespace%__UpsertKey__c": false,
        "Name": "GoogleMapsPlacesTransform",
        "VlocityDataPackType": "SObject",
        "VlocityRecordSObjectType": "%vlocity_namespace%__DRMapItem__c"
    },
    {
        "%vlocity_namespace%__DomainObjectAPIName__c": "Formula",
        "%vlocity_namespace%__DomainObjectCreationOrder__c": 0,
        "%vlocity_namespace%__DomainObjectFieldAPIName__c": "Formula",
        "%vlocity_namespace%__FormulaOrder__c": 8,
        "%vlocity_namespace%__FormulaResultPath__c": "PlaceResponse:country",
        "%vlocity_namespace%__Formula__c": "IF(EXIST(PlaceResponse:types, 'country'), PlaceResponse:long_name, \"\")",
        "%vlocity_namespace%__GlobalKey__c": "8b8999a0-2e5e-2128-99a9-419e5b13ee38",
        "%vlocity_namespace%__IsDisabled__c": false,
        "%vlocity_namespace%__IsRequiredForUpsert__c": false,
        "%vlocity_namespace%__MapId__c": "GoogleMapsPlacesTransformCustom4258",
        "%vlocity_namespace%__OMplusSyncEnabled__c": true,
        "%vlocity_namespace%__UpsertKey__c": false,
        "Name": "GoogleMapsPlacesTransform",
        "VlocityDataPackType": "SObject",
        "VlocityRecordSObjectType": "%vlocity_namespace%__DRMapItem__c"
    },
    {
        "%vlocity_namespace%__DomainObjectAPIName__c": "json",
        "%vlocity_namespace%__DomainObjectCreationOrder__c": 1,
        "%vlocity_namespace%__DomainObjectFieldAPIName__c": "%vlocity_namespace%__Address1__c",
        "%vlocity_namespace%__GlobalKey__c": "920003b6-e110-f07c-4f47-72166971b578",
        "%vlocity_namespace%__InterfaceFieldAPIName__c": "PlaceResponse:locality",
        "%vlocity_namespace%__IsDisabled__c": false,
        "%vlocity_namespace%__IsRequiredForUpsert__c": false,
        "%vlocity_namespace%__MapId__c": "GoogleMapsPlacesTransformCustom1655",
        "%vlocity_namespace%__OMplusSyncEnabled__c": true,
        "%vlocity_namespace%__UpsertKey__c": false,
        "Name": "GoogleMapsPlacesTransform",
        "VlocityDataPackType": "SObject",
        "VlocityRecordSObjectType": "%vlocity_namespace%__DRMapItem__c"
    },
    {
        "%vlocity_namespace%__DomainObjectAPIName__c": "json",
        "%vlocity_namespace%__DomainObjectCreationOrder__c": 1,
        "%vlocity_namespace%__DomainObjectFieldAPIName__c": "%vlocity_namespace%__City__c",
        "%vlocity_namespace%__GlobalKey__c": "4e9e92c4-cc6e-d2d8-ccdf-d9fb10df47a3",
        "%vlocity_namespace%__InterfaceFieldAPIName__c": "PlaceResponse:administrative_area_level_2",
        "%vlocity_namespace%__IsDisabled__c": false,
        "%vlocity_namespace%__IsRequiredForUpsert__c": false,
        "%vlocity_namespace%__MapId__c": "GoogleMapsPlacesTransformCustom8587",
        "%vlocity_namespace%__OMplusSyncEnabled__c": true,
        "%vlocity_namespace%__UpsertKey__c": false,
        "Name": "GoogleMapsPlacesTransform",
        "VlocityDataPackType": "SObject",
        "VlocityRecordSObjectType": "%vlocity_namespace%__DRMapItem__c"
    },
    {
        "%vlocity_namespace%__DomainObjectAPIName__c": "json",
        "%vlocity_namespace%__DomainObjectCreationOrder__c": 1,
        "%vlocity_namespace%__DomainObjectFieldAPIName__c": "%vlocity_namespace%__Country__c",
        "%vlocity_namespace%__GlobalKey__c": "e25ba8fa-ce5c-50b3-b7b9-ae54a2a8d1f0",
        "%vlocity_namespace%__InterfaceFieldAPIName__c": "PlaceResponse:country",
        "%vlocity_namespace%__IsDisabled__c": false,
        "%vlocity_namespace%__IsRequiredForUpsert__c": false,
        "%vlocity_namespace%__MapId__c": "GoogleMapsPlacesTransformCustom2713",
        "%vlocity_namespace%__OMplusSyncEnabled__c": true,
        "%vlocity_namespace%__UpsertKey__c": false,
        "Name": "GoogleMapsPlacesTransform",
        "VlocityDataPackType": "SObject",
        "VlocityRecordSObjectType": "%vlocity_namespace%__DRMapItem__c"
    },
    {
        "%vlocity_namespace%__DomainObjectAPIName__c": "json",
        "%vlocity_namespace%__DomainObjectCreationOrder__c": 1,
        "%vlocity_namespace%__DomainObjectFieldAPIName__c": "%vlocity_namespace%__PostalCode__c",
        "%vlocity_namespace%__DomainObjectFieldType__c": "String",
        "%vlocity_namespace%__GlobalKey__c": "a15e5705-cec3-3041-0a09-675f6a97d847",
        "%vlocity_namespace%__InterfaceFieldAPIName__c": "PlaceResponse:postal_code",
        "%vlocity_namespace%__IsDisabled__c": false,
        "%vlocity_namespace%__IsRequiredForUpsert__c": false,
        "%vlocity_namespace%__MapId__c": "GoogleMapsPlacesTransformCustom517",
        "%vlocity_namespace%__OMplusSyncEnabled__c": true,
        "%vlocity_namespace%__UpsertKey__c": false,
        "Name": "GoogleMapsPlacesTransform",
        "VlocityDataPackType": "SObject",
        "VlocityRecordSObjectType": "%vlocity_namespace%__DRMapItem__c"
    },
    {
        "%vlocity_namespace%__DomainObjectAPIName__c": "json",
        "%vlocity_namespace%__DomainObjectCreationOrder__c": 1,
        "%vlocity_namespace%__DomainObjectFieldAPIName__c": "%vlocity_namespace%__State__c",
        "%vlocity_namespace%__GlobalKey__c": "dede60b4-ea97-ee22-bef8-077e1434f4d8",
        "%vlocity_namespace%__InterfaceFieldAPIName__c": "PlaceResponse:administrative_area_level_1",
        "%vlocity_namespace%__IsDisabled__c": false,
        "%vlocity_namespace%__IsRequiredForUpsert__c": false,
        "%vlocity_namespace%__MapId__c": "GoogleMapsPlacesTransformCustom511",
        "%vlocity_namespace%__OMplusSyncEnabled__c": true,
        "%vlocity_namespace%__UpsertKey__c": false,
        "Name": "GoogleMapsPlacesTransform",
        "VlocityDataPackType": "SObject",
        "VlocityRecordSObjectType": "%vlocity_namespace%__DRMapItem__c"
    },
    {
        "%vlocity_namespace%__DomainObjectAPIName__c": "json",
        "%vlocity_namespace%__DomainObjectCreationOrder__c": 1,
        "%vlocity_namespace%__DomainObjectFieldAPIName__c": "%vlocity_namespace%__StreetAddress__c",
        "%vlocity_namespace%__GlobalKey__c": "3852e83a-fe36-242f-655d-faf0222c911a",
        "%vlocity_namespace%__InterfaceFieldAPIName__c": "PlaceResponse:street",
        "%vlocity_namespace%__IsDisabled__c": false,
        "%vlocity_namespace%__IsRequiredForUpsert__c": false,
        "%vlocity_namespace%__MapId__c": "GoogleMapsPlacesTransformCustom6172",
        "%vlocity_namespace%__OMplusSyncEnabled__c": true,
        "%vlocity_namespace%__UpsertKey__c": false,
        "Name": "GoogleMapsPlacesTransform",
        "VlocityDataPackType": "SObject",
        "VlocityRecordSObjectType": "%vlocity_namespace%__DRMapItem__c"
    },
    {
        "%vlocity_namespace%__DomainObjectAPIName__c": "json",
        "%vlocity_namespace%__DomainObjectCreationOrder__c": 1,
        "%vlocity_namespace%__DomainObjectFieldAPIName__c": "Name",
        "%vlocity_namespace%__GlobalKey__c": "a5060967-6516-df93-ea34-2b62086deab5",
        "%vlocity_namespace%__InterfaceFieldAPIName__c": "PlaceResponse:long_name",
        "%vlocity_namespace%__IsDisabled__c": false,
        "%vlocity_namespace%__IsRequiredForUpsert__c": false,
        "%vlocity_namespace%__MapId__c": "GoogleMapsPlacesTransformCustom2596",
        "%vlocity_namespace%__OMplusSyncEnabled__c": true,
        "%vlocity_namespace%__UpsertKey__c": false,
        "Name": "GoogleMapsPlacesTransform",
        "VlocityDataPackType": "SObject",
        "VlocityRecordSObjectType": "%vlocity_namespace%__DRMapItem__c"
    }
]