{
    "groupDetails": [
        {
            "Name": "IphoneLevelNProduct2_039 MON 2",
            "groupCartId": "8014x000000lapJAAQ",
            "groupId": "a324x000000nDraAAE",
            "memberType": "ServicePoint"
        },
        {
            "Name": "COMMSBundleProduct_23LineItem_01 MON 2",
            "groupCartId": "8014x000000lapKAAQ",
            "groupId": "a324x000000nDrbAAE",
            "memberType": "ServicePoint"
        },
        {
            "Name": "COMMSBundleProduct_130LineItem_01 MON 2",
            "groupCartId": "8014x000000lapLAAQ",
            "groupId": "a324x000000nDrcAAE",
            "memberType": "ServicePoint"
        },
        {
            "Name": "Airbus MON 2",
            "groupCartId": "8014x000000lapbAAA",
            "groupId": "a324x000000nDriAAE",
            "memberType": "ServicePoint"
        }
    ],
    "products": [
        {
            "Name": "Honda Civic w/ Assist",
            "PriceBookId": "01s4x000007Et7CAAS",
            "PricebookEntryId": "01u4x000008wvpiAAA",
            "ProductId": "01t4x000003CCXsAAO",
            "Quantity": 4,
            "assetIds": [
                "02i4x000001xXPwAAM",
                "02i4x000001xXQ1AAM",
                "02i4x000001xXQ6AAM",
                "02i4x000001xXY8AAM"
            ]
        },
        {
            "Name": "COMMSBundleProduct_23LineItem_01",
            "PriceBookId": "01s4x000007Et7CAAS",
            "PricebookEntryId": "01u4x000008wxYOAAY",
            "ProductId": "01t4x000003CE9lAAG",
            "Quantity": 2,
            "assetIds": [
                "02i4x000001xXgpAAE",
                "02i4x000001xXjIAAU"
            ]
        },
        {
            "Name": "COMMSBundleProduct_130LineItem_01",
            "PriceBookId": "01s4x000007Et7CAAS",
            "PricebookEntryId": "01u4x000008wxZJAAY",
            "ProductId": "01t4x000003CEAHAA4",
            "Quantity": 1,
            "assetIds": [
                "02i4x000001xXhCAAU"
            ]
        },
        {
            "Name": "Airbus",
            "PriceBookId": "01s4x000007Et7CAAS",
            "PricebookEntryId": "01u4x000008wvuaAAA",
            "ProductId": "01t4x000003CDKvAAO",
            "Quantity": 1,
            "assetIds": [
                "02i4x000001xXjFAAU"
            ]
        }
    ],
    "timestamp": "MON 2"
}