[
    {
        "%vlocity_namespace%__DisplayType__c": "ID",
        "%vlocity_namespace%__DomainObjectAPIName__c": "Turbo Extract",
        "%vlocity_namespace%__DomainObjectCreationOrder__c": 0,
        "%vlocity_namespace%__DomainObjectFieldAPIName__c": "OrderMembers",
        "%vlocity_namespace%__FilterGroup__c": 0,
        "%vlocity_namespace%__FilterOperator__c": "IN",
        "%vlocity_namespace%__FilterValue__c": "OrderMembersIds",
        "%vlocity_namespace%__GlobalKey__c": "6b627f78-797f-7ba7-611b-541bc0d6930d",
        "%vlocity_namespace%__InterfaceFieldAPIName__c": "Id",
        "%vlocity_namespace%__InterfaceObjectLookupOrder__c": 1,
        "%vlocity_namespace%__InterfaceObjectName__c": "%vlocity_namespace%__OrderMember__c",
        "%vlocity_namespace%__IsDisabled__c": false,
        "%vlocity_namespace%__IsRequiredForUpsert__c": false,
        "%vlocity_namespace%__MapId__c": "GetOrderMemberAddressesCustom8764",
        "%vlocity_namespace%__OMplusSyncEnabled__c": true,
        "%vlocity_namespace%__UpsertKey__c": false,
        "Name": "GetOrderMemberAddresses",
        "VlocityDataPackType": "SObject",
        "VlocityRecordSObjectType": "%vlocity_namespace%__DRMapItem__c"
    },
    {
        "%vlocity_namespace%__DomainObjectAPIName__c": "Turbo Extract",
        "%vlocity_namespace%__DomainObjectCreationOrder__c": 1,
        "%vlocity_namespace%__DomainObjectFieldAPIName__c": "OrderMembers",
        "%vlocity_namespace%__GlobalKey__c": "214a08dd-52d4-d1a8-33aa-237451a212c2",
        "%vlocity_namespace%__InterfaceFieldAPIName__c": "%vlocity_namespace%__City__c",
        "%vlocity_namespace%__InterfaceObjectName__c": "%vlocity_namespace%__OrderMember__c",
        "%vlocity_namespace%__IsDisabled__c": false,
        "%vlocity_namespace%__IsRequiredForUpsert__c": false,
        "%vlocity_namespace%__MapId__c": "GetOrderMemberAddressesCustom3578",
        "%vlocity_namespace%__OMplusSyncEnabled__c": true,
        "%vlocity_namespace%__UpsertKey__c": false,
        "Name": "GetOrderMemberAddresses",
        "VlocityDataPackType": "SObject",
        "VlocityRecordSObjectType": "%vlocity_namespace%__DRMapItem__c"
    },
    {
        "%vlocity_namespace%__DomainObjectAPIName__c": "Turbo Extract",
        "%vlocity_namespace%__DomainObjectCreationOrder__c": 1,
        "%vlocity_namespace%__DomainObjectFieldAPIName__c": "OrderMembers",
        "%vlocity_namespace%__GlobalKey__c": "ab392afc-bec1-55d4-9e6e-1a025cd4433d",
        "%vlocity_namespace%__InterfaceFieldAPIName__c": "%vlocity_namespace%__Country__c",
        "%vlocity_namespace%__InterfaceObjectName__c": "%vlocity_namespace%__OrderMember__c",
        "%vlocity_namespace%__IsDisabled__c": false,
        "%vlocity_namespace%__IsRequiredForUpsert__c": false,
        "%vlocity_namespace%__MapId__c": "GetOrderMemberAddressesCustom6843",
        "%vlocity_namespace%__OMplusSyncEnabled__c": true,
        "%vlocity_namespace%__UpsertKey__c": false,
        "Name": "GetOrderMemberAddresses",
        "VlocityDataPackType": "SObject",
        "VlocityRecordSObjectType": "%vlocity_namespace%__DRMapItem__c"
    },
    {
        "%vlocity_namespace%__DomainObjectAPIName__c": "Turbo Extract",
        "%vlocity_namespace%__DomainObjectCreationOrder__c": 1,
        "%vlocity_namespace%__DomainObjectFieldAPIName__c": "OrderMembers",
        "%vlocity_namespace%__GlobalKey__c": "f1d523a0-125f-2fdb-479c-ac8caca629ba",
        "%vlocity_namespace%__InterfaceFieldAPIName__c": "%vlocity_namespace%__PostalCode__c",
        "%vlocity_namespace%__InterfaceObjectName__c": "%vlocity_namespace%__OrderMember__c",
        "%vlocity_namespace%__IsDisabled__c": false,
        "%vlocity_namespace%__IsRequiredForUpsert__c": false,
        "%vlocity_namespace%__MapId__c": "GetOrderMemberAddressesCustom5891",
        "%vlocity_namespace%__OMplusSyncEnabled__c": true,
        "%vlocity_namespace%__UpsertKey__c": false,
        "Name": "GetOrderMemberAddresses",
        "VlocityDataPackType": "SObject",
        "VlocityRecordSObjectType": "%vlocity_namespace%__DRMapItem__c"
    },
    {
        "%vlocity_namespace%__DomainObjectAPIName__c": "Turbo Extract",
        "%vlocity_namespace%__DomainObjectCreationOrder__c": 1,
        "%vlocity_namespace%__DomainObjectFieldAPIName__c": "OrderMembers",
        "%vlocity_namespace%__GlobalKey__c": "64cd73df-1a02-cff9-9a00-62f3434605f6",
        "%vlocity_namespace%__InterfaceFieldAPIName__c": "%vlocity_namespace%__State__c",
        "%vlocity_namespace%__InterfaceObjectName__c": "%vlocity_namespace%__OrderMember__c",
        "%vlocity_namespace%__IsDisabled__c": false,
        "%vlocity_namespace%__IsRequiredForUpsert__c": false,
        "%vlocity_namespace%__MapId__c": "GetOrderMemberAddressesCustom7747",
        "%vlocity_namespace%__OMplusSyncEnabled__c": true,
        "%vlocity_namespace%__UpsertKey__c": false,
        "Name": "GetOrderMemberAddresses",
        "VlocityDataPackType": "SObject",
        "VlocityRecordSObjectType": "%vlocity_namespace%__DRMapItem__c"
    },
    {
        "%vlocity_namespace%__DomainObjectAPIName__c": "Turbo Extract",
        "%vlocity_namespace%__DomainObjectCreationOrder__c": 1,
        "%vlocity_namespace%__DomainObjectFieldAPIName__c": "OrderMembers",
        "%vlocity_namespace%__GlobalKey__c": "b043f3c8-c399-918d-59a6-462f9d8c2e0f",
        "%vlocity_namespace%__InterfaceFieldAPIName__c": "%vlocity_namespace%__StreetAddress__c",
        "%vlocity_namespace%__InterfaceObjectName__c": "%vlocity_namespace%__OrderMember__c",
        "%vlocity_namespace%__IsDisabled__c": false,
        "%vlocity_namespace%__IsRequiredForUpsert__c": false,
        "%vlocity_namespace%__MapId__c": "GetOrderMemberAddressesCustom2693",
        "%vlocity_namespace%__OMplusSyncEnabled__c": true,
        "%vlocity_namespace%__UpsertKey__c": false,
        "Name": "GetOrderMemberAddresses",
        "VlocityDataPackType": "SObject",
        "VlocityRecordSObjectType": "%vlocity_namespace%__DRMapItem__c"
    }
]