[
        {
                "%vlocity_namespace%__DomainObjectAPIName__c": "%vlocity_namespace%__QuoteGroup__c",
                "%vlocity_namespace%__DomainObjectCreationOrder__c": 1,
                "%vlocity_namespace%__DomainObjectFieldAPIName__c": "%vlocity_namespace%__ExpectedMemberCount__c",
                "%vlocity_namespace%__GlobalKey__c": "7d7c136d-121a-b738-89e9-d3288a31b692",
                "%vlocity_namespace%__InterfaceFieldAPIName__c": "ExpectedMemberCount",
                "%vlocity_namespace%__IsDisabled__c": false,
                "%vlocity_namespace%__IsRequiredForUpsert__c": false,
                "%vlocity_namespace%__MapId__c": "ESMCreateQuoteGroupCustoma00RN0000012aYxYAIItem0",
                "%vlocity_namespace%__OMplusSyncEnabled__c": true,
                "%vlocity_namespace%__UpsertKey__c": false,
                "Name": "ESMCreateQuoteGroup",
                "VlocityDataPackType": "SObject",
                "VlocityRecordSObjectType": "%vlocity_namespace%__DRMapItem__c"
        },
        {
                "%vlocity_namespace%__DomainObjectAPIName__c": "%vlocity_namespace%__QuoteGroup__c",
                "%vlocity_namespace%__DomainObjectCreationOrder__c": 1,
                "%vlocity_namespace%__DomainObjectFieldAPIName__c": "%vlocity_namespace%__MemberType__c",
                "%vlocity_namespace%__GlobalKey__c": "c8ae7610-1ec3-f14f-0ae6-d74f3cbc93ee",
                "%vlocity_namespace%__InterfaceFieldAPIName__c": "MemberType",
                "%vlocity_namespace%__IsDisabled__c": false,
                "%vlocity_namespace%__IsRequiredForUpsert__c": false,
                "%vlocity_namespace%__MapId__c": "ESMCreateQuoteGroupCustoma00RN0000012aYxYAIItem1",
                "%vlocity_namespace%__OMplusSyncEnabled__c": true,
                "%vlocity_namespace%__UpsertKey__c": false,
                "Name": "ESMCreateQuoteGroup",
                "VlocityDataPackType": "SObject",
                "VlocityRecordSObjectType": "%vlocity_namespace%__DRMapItem__c"
        },
        {
                "%vlocity_namespace%__DomainObjectAPIName__c": "%vlocity_namespace%__QuoteGroup__c",
                "%vlocity_namespace%__DomainObjectCreationOrder__c": 1,
                "%vlocity_namespace%__DomainObjectFieldAPIName__c": "%vlocity_namespace%__QuoteId__c",
                "%vlocity_namespace%__GlobalKey__c": "8d945e73-ebed-6917-fbdf-0d1864704d20",
                "%vlocity_namespace%__InterfaceFieldAPIName__c": "SalesQuoteId",
                "%vlocity_namespace%__IsDisabled__c": false,
                "%vlocity_namespace%__IsRequiredForUpsert__c": false,
                "%vlocity_namespace%__MapId__c": "ESMCreateQuoteGroupCustoma00RN0000012aYxYAIItem2",
                "%vlocity_namespace%__OMplusSyncEnabled__c": true,
                "%vlocity_namespace%__UpsertKey__c": false,
                "Name": "ESMCreateQuoteGroup",
                "VlocityDataPackType": "SObject",
                "VlocityRecordSObjectType": "%vlocity_namespace%__DRMapItem__c"
        },
        {
                "%vlocity_namespace%__DomainObjectAPIName__c": "%vlocity_namespace%__QuoteGroup__c",
                "%vlocity_namespace%__DomainObjectCreationOrder__c": 1,
                "%vlocity_namespace%__DomainObjectFieldAPIName__c": "Id",
                "%vlocity_namespace%__GlobalKey__c": "bdbf8db0-1676-2e61-9b1d-22e03b918862",
                "%vlocity_namespace%__InterfaceFieldAPIName__c": "QuoteGroupId",
                "%vlocity_namespace%__IsDisabled__c": false,
                "%vlocity_namespace%__IsRequiredForUpsert__c": false,
                "%vlocity_namespace%__MapId__c": "ESMCreateQuoteGroupCustoma00RN0000012aYxYAIItem3",
                "%vlocity_namespace%__OMplusSyncEnabled__c": true,
                "%vlocity_namespace%__UpsertKey__c": false,
                "Name": "ESMCreateQuoteGroup",
                "VlocityDataPackType": "SObject",
                "VlocityRecordSObjectType": "%vlocity_namespace%__DRMapItem__c"
        },
        {
                "%vlocity_namespace%__ConfigurationValue__c": "FAKEMAPPING",
                "%vlocity_namespace%__DomainObjectAPIName__c": "%vlocity_namespace%__QuoteGroup__c",
                "%vlocity_namespace%__DomainObjectCreationOrder__c": 1,
                "%vlocity_namespace%__DomainObjectFieldAPIName__c": "Id",
                "%vlocity_namespace%__FilterOperator__c": "=",
                "%vlocity_namespace%__GlobalKey__c": "e7026af8-5840-8663-3ef7-9ba7e9092221",
                "%vlocity_namespace%__IsDisabled__c": true,
                "%vlocity_namespace%__IsRequiredForUpsert__c": false,
                "%vlocity_namespace%__MapId__c": "ESMCreateQuoteGroupCustoma00RN0000012aYxYAIItem4",
                "%vlocity_namespace%__OMplusSyncEnabled__c": true,
                "%vlocity_namespace%__UpsertKey__c": false,
                "Name": "ESMCreateQuoteGroup",
                "VlocityDataPackType": "SObject",
                "VlocityRecordSObjectType": "%vlocity_namespace%__DRMapItem__c"
        },
        {
                "%vlocity_namespace%__DomainObjectAPIName__c": "%vlocity_namespace%__QuoteGroup__c",
                "%vlocity_namespace%__DomainObjectCreationOrder__c": 1,
                "%vlocity_namespace%__DomainObjectFieldAPIName__c": "Name",
                "%vlocity_namespace%__GlobalKey__c": "71ec74bb-276f-c20a-eb6e-380a6ac78425",
                "%vlocity_namespace%__InterfaceFieldAPIName__c": "GroupName",
                "%vlocity_namespace%__IsDisabled__c": false,
                "%vlocity_namespace%__IsRequiredForUpsert__c": false,
                "%vlocity_namespace%__MapId__c": "ESMCreateQuoteGroupCustoma00RN0000012aYxYAIItem5",
                "%vlocity_namespace%__OMplusSyncEnabled__c": true,
                "%vlocity_namespace%__UpsertKey__c": false,
                "Name": "ESMCreateQuoteGroup",
                "VlocityDataPackType": "SObject",
                "VlocityRecordSObjectType": "%vlocity_namespace%__DRMapItem__c"
        }
]