[
    {
        "%vlocity_namespace%__DomainObjectAPIName__c": "json",
        "%vlocity_namespace%__DomainObjectCreationOrder__c": 0,
        "%vlocity_namespace%__DomainObjectFieldAPIName__c": "ProductRelationship",
        "%vlocity_namespace%__FilterGroup__c": 0,
        "%vlocity_namespace%__FilterOperator__c": "=",
        "%vlocity_namespace%__FilterValue__c": "productId",
        "%vlocity_namespace%__GlobalKey__c": "ead5a6ee-d745-0122-ff11-e4b9c401c7e6",
        "%vlocity_namespace%__InterfaceFieldAPIName__c": "%vlocity_namespace%__Product2Id__c",
        "%vlocity_namespace%__InterfaceObjectLookupOrder__c": 1,
        "%vlocity_namespace%__InterfaceObjectName__c": "%vlocity_namespace%__ProductRelationship__c",
        "%vlocity_namespace%__IsDisabled__c": false,
        "%vlocity_namespace%__IsRequiredForUpsert__c": false,
        "%vlocity_namespace%__MapId__c": "ESMGetEnterpriseProductRelationshipCustoma00RO0000011xouYAAItem3",
        "%vlocity_namespace%__OMplusSyncEnabled__c": true,
        "%vlocity_namespace%__UpsertKey__c": false,
        "Name": "ESMGetEnterpriseProductRelationship",
        "VlocityDataPackType": "SObject",
        "VlocityRecordSObjectType": "%vlocity_namespace%__DRMapItem__c"
    },
    {
        "%vlocity_namespace%__DomainObjectAPIName__c": "json",
        "%vlocity_namespace%__DomainObjectCreationOrder__c": 0,
        "%vlocity_namespace%__DomainObjectFieldAPIName__c": "ProductRelationship",
        "%vlocity_namespace%__FilterGroup__c": 0,
        "%vlocity_namespace%__FilterOperator__c": "=",
        "%vlocity_namespace%__FilterValue__c": "\"ReliesOn\"",
        "%vlocity_namespace%__GlobalKey__c": "795fed84-045c-a3db-de5d-a7ea6d0532cc",
        "%vlocity_namespace%__InterfaceFieldAPIName__c": "%vlocity_namespace%__RelationshipType__c",
        "%vlocity_namespace%__InterfaceObjectLookupOrder__c": 1,
        "%vlocity_namespace%__InterfaceObjectName__c": "%vlocity_namespace%__ProductRelationship__c",
        "%vlocity_namespace%__IsDisabled__c": false,
        "%vlocity_namespace%__IsRequiredForUpsert__c": false,
        "%vlocity_namespace%__MapId__c": "ESMGetEnterpriseProductRelationshipCustom514",
        "%vlocity_namespace%__OMplusSyncEnabled__c": true,
        "%vlocity_namespace%__UpsertKey__c": false,
        "Name": "ESMGetEnterpriseProductRelationship",
        "VlocityDataPackType": "SObject",
        "VlocityRecordSObjectType": "%vlocity_namespace%__DRMapItem__c"
    },
    {
        "%vlocity_namespace%__DomainObjectAPIName__c": "json",
        "%vlocity_namespace%__DomainObjectCreationOrder__c": 0,
        "%vlocity_namespace%__DomainObjectFieldAPIName__c": "QuoteProductRelationship",
        "%vlocity_namespace%__FilterGroup__c": 0,
        "%vlocity_namespace%__FilterOperator__c": "=",
        "%vlocity_namespace%__FilterValue__c": "cartId",
        "%vlocity_namespace%__GlobalKey__c": "25065feb-2ac0-7a5a-f672-445270faba80",
        "%vlocity_namespace%__InterfaceFieldAPIName__c": "%vlocity_namespace%__QuoteId__c",
        "%vlocity_namespace%__InterfaceObjectLookupOrder__c": 2,
        "%vlocity_namespace%__InterfaceObjectName__c": "%vlocity_namespace%__QuoteLineItemRelationship__c",
        "%vlocity_namespace%__IsDisabled__c": false,
        "%vlocity_namespace%__IsRequiredForUpsert__c": false,
        "%vlocity_namespace%__MapId__c": "ESMGetEnterpriseProductRelationshipCustoma00RO0000011xouYAAItem2",
        "%vlocity_namespace%__OMplusSyncEnabled__c": true,
        "%vlocity_namespace%__UpsertKey__c": false,
        "Name": "ESMGetEnterpriseProductRelationship",
        "VlocityDataPackType": "SObject",
        "VlocityRecordSObjectType": "%vlocity_namespace%__DRMapItem__c"
    },
    {
        "%vlocity_namespace%__DomainObjectAPIName__c": "json",
        "%vlocity_namespace%__DomainObjectCreationOrder__c": 1,
        "%vlocity_namespace%__DomainObjectFieldAPIName__c": "ProductRelationship:%vlocity_namespace%__GlobalKey__c",
        "%vlocity_namespace%__GlobalKey__c": "57fbfec5-2e5c-3e73-9d15-0a24f89f8f88",
        "%vlocity_namespace%__InterfaceFieldAPIName__c": "ProductRelationship:%vlocity_namespace%__GlobalKey__c",
        "%vlocity_namespace%__IsDisabled__c": false,
        "%vlocity_namespace%__IsRequiredForUpsert__c": false,
        "%vlocity_namespace%__MapId__c": "ESMGetEnterpriseProductRelationshipCustoma00RO0000011xouYAAItem12",
        "%vlocity_namespace%__OMplusSyncEnabled__c": true,
        "%vlocity_namespace%__UpsertKey__c": false,
        "Name": "ESMGetEnterpriseProductRelationship",
        "VlocityDataPackType": "SObject",
        "VlocityRecordSObjectType": "%vlocity_namespace%__DRMapItem__c"
    },
    {
        "%vlocity_namespace%__DomainObjectAPIName__c": "json",
        "%vlocity_namespace%__DomainObjectCreationOrder__c": 1,
        "%vlocity_namespace%__DomainObjectFieldAPIName__c": "ProductRelationship:%vlocity_namespace%__MaxQuantity__c",
        "%vlocity_namespace%__GlobalKey__c": "63b2ab86-4447-148e-f36c-a49738132922",
        "%vlocity_namespace%__InterfaceFieldAPIName__c": "ProductRelationship:%vlocity_namespace%__MaxQuantity__c",
        "%vlocity_namespace%__IsDisabled__c": false,
        "%vlocity_namespace%__IsRequiredForUpsert__c": false,
        "%vlocity_namespace%__MapId__c": "ESMGetEnterpriseProductRelationshipCustoma00RO0000011xouYAAItem8",
        "%vlocity_namespace%__OMplusSyncEnabled__c": true,
        "%vlocity_namespace%__UpsertKey__c": false,
        "Name": "ESMGetEnterpriseProductRelationship",
        "VlocityDataPackType": "SObject",
        "VlocityRecordSObjectType": "%vlocity_namespace%__DRMapItem__c"
    },
    {
        "%vlocity_namespace%__DomainObjectAPIName__c": "json",
        "%vlocity_namespace%__DomainObjectCreationOrder__c": 1,
        "%vlocity_namespace%__DomainObjectFieldAPIName__c": "ProductRelationship:%vlocity_namespace%__MinQuantity__c",
        "%vlocity_namespace%__GlobalKey__c": "5a0ff911-9c47-ecf3-b18c-5cdb8c5231e0",
        "%vlocity_namespace%__InterfaceFieldAPIName__c": "ProductRelationship:%vlocity_namespace%__MinQuantity__c",
        "%vlocity_namespace%__IsDisabled__c": false,
        "%vlocity_namespace%__IsRequiredForUpsert__c": false,
        "%vlocity_namespace%__MapId__c": "ESMGetEnterpriseProductRelationshipCustoma00RO0000011xouYAAItem7",
        "%vlocity_namespace%__OMplusSyncEnabled__c": true,
        "%vlocity_namespace%__UpsertKey__c": false,
        "Name": "ESMGetEnterpriseProductRelationship",
        "VlocityDataPackType": "SObject",
        "VlocityRecordSObjectType": "%vlocity_namespace%__DRMapItem__c"
    },
    {
        "%vlocity_namespace%__DomainObjectAPIName__c": "json",
        "%vlocity_namespace%__DomainObjectCreationOrder__c": 1,
        "%vlocity_namespace%__DomainObjectFieldAPIName__c": "ProductRelationship:%vlocity_namespace%__Product2Id__c",
        "%vlocity_namespace%__GlobalKey__c": "b1f6dbe7-ff6f-2d3a-9c7e-a28efa171036",
        "%vlocity_namespace%__InterfaceFieldAPIName__c": "ProductRelationship:%vlocity_namespace%__Product2Id__c",
        "%vlocity_namespace%__IsDisabled__c": false,
        "%vlocity_namespace%__IsRequiredForUpsert__c": false,
        "%vlocity_namespace%__MapId__c": "ESMGetEnterpriseProductRelationshipCustoma00RO0000011xouYAAItem6",
        "%vlocity_namespace%__OMplusSyncEnabled__c": true,
        "%vlocity_namespace%__UpsertKey__c": false,
        "Name": "ESMGetEnterpriseProductRelationship",
        "VlocityDataPackType": "SObject",
        "VlocityRecordSObjectType": "%vlocity_namespace%__DRMapItem__c"
    },
    {
        "%vlocity_namespace%__DomainObjectAPIName__c": "json",
        "%vlocity_namespace%__DomainObjectCreationOrder__c": 1,
        "%vlocity_namespace%__DomainObjectFieldAPIName__c": "ProductRelationship:%vlocity_namespace%__RelatedProductId__c",
        "%vlocity_namespace%__GlobalKey__c": "f1d00ccc-2353-fe8e-be66-78820eddaeb6",
        "%vlocity_namespace%__InterfaceFieldAPIName__c": "ProductRelationship:%vlocity_namespace%__RelatedProductId__c",
        "%vlocity_namespace%__IsDisabled__c": false,
        "%vlocity_namespace%__IsRequiredForUpsert__c": false,
        "%vlocity_namespace%__MapId__c": "ESMGetEnterpriseProductRelationshipCustoma00RO0000011xouYAAItem10",
        "%vlocity_namespace%__OMplusSyncEnabled__c": true,
        "%vlocity_namespace%__UpsertKey__c": false,
        "Name": "ESMGetEnterpriseProductRelationship",
        "VlocityDataPackType": "SObject",
        "VlocityRecordSObjectType": "%vlocity_namespace%__DRMapItem__c"
    },
    {
        "%vlocity_namespace%__DomainObjectAPIName__c": "json",
        "%vlocity_namespace%__DomainObjectCreationOrder__c": 1,
        "%vlocity_namespace%__DomainObjectFieldAPIName__c": "ProductRelationship:%vlocity_namespace%__RelationshipType__c",
        "%vlocity_namespace%__GlobalKey__c": "53b7139e-7c91-7112-24a5-bfc93c4ed053",
        "%vlocity_namespace%__InterfaceFieldAPIName__c": "ProductRelationship:%vlocity_namespace%__RelationshipType__c",
        "%vlocity_namespace%__IsDisabled__c": false,
        "%vlocity_namespace%__IsRequiredForUpsert__c": false,
        "%vlocity_namespace%__MapId__c": "ESMGetEnterpriseProductRelationshipCustoma00RO0000011xouYAAItem9",
        "%vlocity_namespace%__OMplusSyncEnabled__c": true,
        "%vlocity_namespace%__UpsertKey__c": false,
        "Name": "ESMGetEnterpriseProductRelationship",
        "VlocityDataPackType": "SObject",
        "VlocityRecordSObjectType": "%vlocity_namespace%__DRMapItem__c"
    },
    {
        "%vlocity_namespace%__DomainObjectAPIName__c": "json",
        "%vlocity_namespace%__DomainObjectCreationOrder__c": 1,
        "%vlocity_namespace%__DomainObjectFieldAPIName__c": "ProductRelationship:Id",
        "%vlocity_namespace%__GlobalKey__c": "e0d762a4-d139-8d26-4381-0e0bfc72fa24",
        "%vlocity_namespace%__InterfaceFieldAPIName__c": "ProductRelationship:Id",
        "%vlocity_namespace%__IsDisabled__c": false,
        "%vlocity_namespace%__IsRequiredForUpsert__c": false,
        "%vlocity_namespace%__MapId__c": "ESMGetEnterpriseProductRelationshipCustoma00RO0000011xouYAAItem5",
        "%vlocity_namespace%__OMplusSyncEnabled__c": true,
        "%vlocity_namespace%__TransformValuesMap__c": "{}",
        "%vlocity_namespace%__UpsertKey__c": false,
        "Name": "ESMGetEnterpriseProductRelationship",
        "VlocityDataPackType": "SObject",
        "VlocityRecordSObjectType": "%vlocity_namespace%__DRMapItem__c"
    },
    {
        "%vlocity_namespace%__DomainObjectAPIName__c": "json",
        "%vlocity_namespace%__DomainObjectCreationOrder__c": 1,
        "%vlocity_namespace%__DomainObjectFieldAPIName__c": "ProductRelationship:Name",
        "%vlocity_namespace%__GlobalKey__c": "70737a77-8f16-5b01-31be-827775c03943",
        "%vlocity_namespace%__InterfaceFieldAPIName__c": "ProductRelationship:Name",
        "%vlocity_namespace%__IsDisabled__c": false,
        "%vlocity_namespace%__IsRequiredForUpsert__c": false,
        "%vlocity_namespace%__MapId__c": "ESMGetEnterpriseProductRelationshipCustoma00RO0000011xouYAAItem4",
        "%vlocity_namespace%__OMplusSyncEnabled__c": true,
        "%vlocity_namespace%__UpsertKey__c": false,
        "Name": "ESMGetEnterpriseProductRelationship",
        "VlocityDataPackType": "SObject",
        "VlocityRecordSObjectType": "%vlocity_namespace%__DRMapItem__c"
    },
    {
        "%vlocity_namespace%__DomainObjectAPIName__c": "json",
        "%vlocity_namespace%__DomainObjectCreationOrder__c": 1,
        "%vlocity_namespace%__DomainObjectFieldAPIName__c": "QuoteProductRelationship:%vlocity_namespace%__ProductRelationshipIdentifier__c",
        "%vlocity_namespace%__GlobalKey__c": "7082aeac-5bb7-df56-a4d6-e0feb846bece",
        "%vlocity_namespace%__InterfaceFieldAPIName__c": "QuoteProductRelationship:%vlocity_namespace%__ProductRelationshipIdentifier__c",
        "%vlocity_namespace%__IsDisabled__c": false,
        "%vlocity_namespace%__IsRequiredForUpsert__c": false,
        "%vlocity_namespace%__MapId__c": "ESMGetEnterpriseProductRelationshipCustoma00RO0000011xouYAAItem18",
        "%vlocity_namespace%__OMplusSyncEnabled__c": true,
        "%vlocity_namespace%__UpsertKey__c": false,
        "Name": "ESMGetEnterpriseProductRelationship",
        "VlocityDataPackType": "SObject",
        "VlocityRecordSObjectType": "%vlocity_namespace%__DRMapItem__c"
    },
    {
        "%vlocity_namespace%__DomainObjectAPIName__c": "json",
        "%vlocity_namespace%__DomainObjectCreationOrder__c": 1,
        "%vlocity_namespace%__DomainObjectFieldAPIName__c": "QuoteProductRelationship:%vlocity_namespace%__ProductRelationshipIdentifier__c",
        "%vlocity_namespace%__GlobalKey__c": "f858f0a9-1d30-8da1-9853-0a0e47e95265",
        "%vlocity_namespace%__InterfaceFieldAPIName__c": "QuoteProductRelationship:%vlocity_namespace%__ProductRelationshipIdentifier__c",
        "%vlocity_namespace%__IsDisabled__c": false,
        "%vlocity_namespace%__IsRequiredForUpsert__c": false,
        "%vlocity_namespace%__MapId__c": "ESMGetEnterpriseProductRelationshipCustoma00RO0000011xouYAAItem13",
        "%vlocity_namespace%__OMplusSyncEnabled__c": true,
        "%vlocity_namespace%__UpsertKey__c": false,
        "Name": "ESMGetEnterpriseProductRelationship",
        "VlocityDataPackType": "SObject",
        "VlocityRecordSObjectType": "%vlocity_namespace%__DRMapItem__c"
    },
    {
        "%vlocity_namespace%__DomainObjectAPIName__c": "json",
        "%vlocity_namespace%__DomainObjectCreationOrder__c": 1,
        "%vlocity_namespace%__DomainObjectFieldAPIName__c": "QuoteProductRelationship:%vlocity_namespace%__QuoteLineItemId__c",
        "%vlocity_namespace%__GlobalKey__c": "36006e36-6585-4359-0ce4-91964650c06a",
        "%vlocity_namespace%__InterfaceFieldAPIName__c": "QuoteProductRelationship:%vlocity_namespace%__QuoteLineItemId__c",
        "%vlocity_namespace%__IsDisabled__c": false,
        "%vlocity_namespace%__IsRequiredForUpsert__c": false,
        "%vlocity_namespace%__MapId__c": "ESMGetEnterpriseProductRelationshipCustoma00RO0000011xouYAAItem14",
        "%vlocity_namespace%__OMplusSyncEnabled__c": true,
        "%vlocity_namespace%__UpsertKey__c": false,
        "Name": "ESMGetEnterpriseProductRelationship",
        "VlocityDataPackType": "SObject",
        "VlocityRecordSObjectType": "%vlocity_namespace%__DRMapItem__c"
    },
    {
        "%vlocity_namespace%__DomainObjectAPIName__c": "json",
        "%vlocity_namespace%__DomainObjectCreationOrder__c": 1,
        "%vlocity_namespace%__DomainObjectFieldAPIName__c": "QuoteProductRelationship:%vlocity_namespace%__RelatedAssetReferenceId__c",
        "%vlocity_namespace%__GlobalKey__c": "58e6a334-d041-9f8f-39d8-db44002a2443",
        "%vlocity_namespace%__InterfaceFieldAPIName__c": "QuoteProductRelationship:%vlocity_namespace%__RelatedAssetReferenceId__c",
        "%vlocity_namespace%__IsDisabled__c": false,
        "%vlocity_namespace%__IsRequiredForUpsert__c": false,
        "%vlocity_namespace%__MapId__c": "ESMGetEnterpriseProductRelationshipCustoma00RO0000011xouYAAItem19",
        "%vlocity_namespace%__OMplusSyncEnabled__c": true,
        "%vlocity_namespace%__UpsertKey__c": false,
        "Name": "ESMGetEnterpriseProductRelationship",
        "VlocityDataPackType": "SObject",
        "VlocityRecordSObjectType": "%vlocity_namespace%__DRMapItem__c"
    },
    {
        "%vlocity_namespace%__DomainObjectAPIName__c": "json",
        "%vlocity_namespace%__DomainObjectCreationOrder__c": 1,
        "%vlocity_namespace%__DomainObjectFieldAPIName__c": "QuoteProductRelationship:%vlocity_namespace%__RelatedQuoteLineItemId__c",
        "%vlocity_namespace%__GlobalKey__c": "d8c12f26-b659-d36b-848c-bad1e1a29eef",
        "%vlocity_namespace%__InterfaceFieldAPIName__c": "QuoteProductRelationship:%vlocity_namespace%__RelatedQuoteLineItemId__c",
        "%vlocity_namespace%__IsDisabled__c": false,
        "%vlocity_namespace%__IsRequiredForUpsert__c": false,
        "%vlocity_namespace%__MapId__c": "ESMGetEnterpriseProductRelationshipCustoma00RO0000011xouYAAItem15",
        "%vlocity_namespace%__OMplusSyncEnabled__c": true,
        "%vlocity_namespace%__UpsertKey__c": false,
        "Name": "ESMGetEnterpriseProductRelationship",
        "VlocityDataPackType": "SObject",
        "VlocityRecordSObjectType": "%vlocity_namespace%__DRMapItem__c"
    },
    {
        "%vlocity_namespace%__DomainObjectAPIName__c": "json",
        "%vlocity_namespace%__DomainObjectCreationOrder__c": 1,
        "%vlocity_namespace%__DomainObjectFieldAPIName__c": "QuoteProductRelationship:%vlocity_namespace%__RelatedQuoteLineItemId__r.Product2.Name",
        "%vlocity_namespace%__GlobalKey__c": "efa72949-aa67-b4d8-e503-20fda8028b59",
        "%vlocity_namespace%__InterfaceFieldAPIName__c": "QuoteProductRelationship:%vlocity_namespace%__RelatedQuoteLineItemId__r.Product2.Name",
        "%vlocity_namespace%__IsDisabled__c": false,
        "%vlocity_namespace%__IsRequiredForUpsert__c": false,
        "%vlocity_namespace%__MapId__c": "ESMGetEnterpriseProductRelationshipCustoma00RO0000011xouYAAItem17",
        "%vlocity_namespace%__OMplusSyncEnabled__c": true,
        "%vlocity_namespace%__UpsertKey__c": false,
        "Name": "ESMGetEnterpriseProductRelationship",
        "VlocityDataPackType": "SObject",
        "VlocityRecordSObjectType": "%vlocity_namespace%__DRMapItem__c"
    },
    {
        "%vlocity_namespace%__DomainObjectAPIName__c": "json",
        "%vlocity_namespace%__DomainObjectCreationOrder__c": 1,
        "%vlocity_namespace%__DomainObjectFieldAPIName__c": "QuoteProductRelationship:%vlocity_namespace%__RelationshipType__c",
        "%vlocity_namespace%__GlobalKey__c": "85609b0e-2a9f-d781-701f-5d1d966dc729",
        "%vlocity_namespace%__InterfaceFieldAPIName__c": "QuoteProductRelationship:%vlocity_namespace%__RelationshipType__c",
        "%vlocity_namespace%__IsDisabled__c": false,
        "%vlocity_namespace%__IsRequiredForUpsert__c": false,
        "%vlocity_namespace%__MapId__c": "ESMGetEnterpriseProductRelationshipCustoma00RO0000011xouYAAItem16",
        "%vlocity_namespace%__OMplusSyncEnabled__c": true,
        "%vlocity_namespace%__UpsertKey__c": false,
        "Name": "ESMGetEnterpriseProductRelationship",
        "VlocityDataPackType": "SObject",
        "VlocityRecordSObjectType": "%vlocity_namespace%__DRMapItem__c"
    },
    {
        "%vlocity_namespace%__DomainObjectAPIName__c": "json",
        "%vlocity_namespace%__DomainObjectCreationOrder__c": 1,
        "%vlocity_namespace%__DomainObjectFieldAPIName__c": "QuoteProductRelationship:Id",
        "%vlocity_namespace%__GlobalKey__c": "0984010b-8d62-5e68-5ec8-e117f744e0d4",
        "%vlocity_namespace%__InterfaceFieldAPIName__c": "QuoteProductRelationship:Id",
        "%vlocity_namespace%__IsDisabled__c": false,
        "%vlocity_namespace%__IsRequiredForUpsert__c": false,
        "%vlocity_namespace%__MapId__c": "ESMGetEnterpriseProductRelationshipCustoma00RO0000011xouYAAItem20",
        "%vlocity_namespace%__OMplusSyncEnabled__c": true,
        "%vlocity_namespace%__UpsertKey__c": false,
        "Name": "ESMGetEnterpriseProductRelationship",
        "VlocityDataPackType": "SObject",
        "VlocityRecordSObjectType": "%vlocity_namespace%__DRMapItem__c"
    },
    {
        "%vlocity_namespace%__DomainObjectAPIName__c": "json",
        "%vlocity_namespace%__DomainObjectCreationOrder__c": 1,
        "%vlocity_namespace%__DomainObjectFieldAPIName__c": "QuoteProductRelationship:Name",
        "%vlocity_namespace%__GlobalKey__c": "e0e6d23c-3cea-2d01-7733-ffd8d043b914",
        "%vlocity_namespace%__InterfaceFieldAPIName__c": "QuoteProductRelationship:Name",
        "%vlocity_namespace%__IsDisabled__c": false,
        "%vlocity_namespace%__IsRequiredForUpsert__c": false,
        "%vlocity_namespace%__MapId__c": "ESMGetEnterpriseProductRelationshipCustoma00RO0000011xouYAAItem11",
        "%vlocity_namespace%__OMplusSyncEnabled__c": true,
        "%vlocity_namespace%__UpsertKey__c": false,
        "Name": "ESMGetEnterpriseProductRelationship",
        "VlocityDataPackType": "SObject",
        "VlocityRecordSObjectType": "%vlocity_namespace%__DRMapItem__c"
    }
]