[
    {
        "%vlocity_namespace%__DomainObjectAPIName__c": "Order",
        "%vlocity_namespace%__DomainObjectCreationOrder__c": 1,
        "%vlocity_namespace%__DomainObjectFieldAPIName__c": "Id",
        "%vlocity_namespace%__GlobalKey__c": "d654ba84-6b72-32e5-9d00-a3540f94dbad",
        "%vlocity_namespace%__InterfaceFieldAPIName__c": "OrderId",
        "%vlocity_namespace%__IsDisabled__c": false,
        "%vlocity_namespace%__IsRequiredForUpsert__c": true,
        "%vlocity_namespace%__MapId__c": "UpdateWorkingCartNameForOrderCustoma00Dn000006c9qWIAQItem0",
        "%vlocity_namespace%__OMplusSyncEnabled__c": true,
        "%vlocity_namespace%__UpsertKey__c": true,
        "Name": "UpdateWorkingCartNameForOrder",
        "VlocityDataPackType": "SObject",
        "VlocityRecordSObjectType": "%vlocity_namespace%__DRMapItem__c"
    },
    {
        "%vlocity_namespace%__DomainObjectAPIName__c": "Order",
        "%vlocity_namespace%__DomainObjectCreationOrder__c": 1,
        "%vlocity_namespace%__DomainObjectFieldAPIName__c": "Name",
        "%vlocity_namespace%__GlobalKey__c": "8762a8c8-02bd-1177-bf3e-6b066cea94ff",
        "%vlocity_namespace%__InterfaceFieldAPIName__c": "OrderName",
        "%vlocity_namespace%__IsDisabled__c": false,
        "%vlocity_namespace%__IsRequiredForUpsert__c": false,
        "%vlocity_namespace%__MapId__c": "UpdateWorkingCartNameForOrderCustoma00Dn000006c9qWIAQItem1",
        "%vlocity_namespace%__OMplusSyncEnabled__c": true,
        "%vlocity_namespace%__UpsertKey__c": false,
        "Name": "UpdateWorkingCartNameForOrder",
        "VlocityDataPackType": "SObject",
        "VlocityRecordSObjectType": "%vlocity_namespace%__DRMapItem__c"
    }
]