[
    {
        "%vlocity_namespace%__DomainObjectAPIName__c": "json",
        "%vlocity_namespace%__DomainObjectCreationOrder__c": 0,
        "%vlocity_namespace%__DomainObjectFieldAPIName__c": "QuoteMember",
        "%vlocity_namespace%__FilterGroup__c": 0,
        "%vlocity_namespace%__FilterOperator__c": "=",
        "%vlocity_namespace%__FilterValue__c": "QuoteGroupId",
        "%vlocity_namespace%__GlobalKey__c": "1b87b59f-aa27-1582-815a-faf1cc26b5bd",
        "%vlocity_namespace%__InterfaceFieldAPIName__c": "%vlocity_namespace%__QuoteGroupId__c",
        "%vlocity_namespace%__InterfaceObjectLookupOrder__c": 1,
        "%vlocity_namespace%__InterfaceObjectName__c": "%vlocity_namespace%__QuoteMember__c",
        "%vlocity_namespace%__IsDisabled__c": false,
        "%vlocity_namespace%__IsRequiredForUpsert__c": false,
        "%vlocity_namespace%__MapId__c": "GetQuoteMembersFromGroups24226953476717417",
        "%vlocity_namespace%__UpsertKey__c": false,
        "Name": "GetQuoteMembersFromGroups",
        "VlocityDataPackType": "SObject",
        "VlocityRecordSObjectType": "%vlocity_namespace%__DRMapItem__c"
    },
    {
        "%vlocity_namespace%__DomainObjectAPIName__c": "json",
        "%vlocity_namespace%__DomainObjectCreationOrder__c": 0,
        "%vlocity_namespace%__DomainObjectFieldAPIName__c": "QuoteMember",
        "%vlocity_namespace%__FilterGroup__c": 0,
        "%vlocity_namespace%__FilterOperator__c": "=",
        "%vlocity_namespace%__FilterValue__c": "QuoteId",
        "%vlocity_namespace%__GlobalKey__c": "5e7f1ed0-1c2c-4ab6-11bc-31dc2bda9bfb",
        "%vlocity_namespace%__InterfaceFieldAPIName__c": "%vlocity_namespace%__QuoteId__c",
        "%vlocity_namespace%__InterfaceObjectLookupOrder__c": 1,
        "%vlocity_namespace%__InterfaceObjectName__c": "%vlocity_namespace%__QuoteMember__c",
        "%vlocity_namespace%__IsDisabled__c": false,
        "%vlocity_namespace%__IsRequiredForUpsert__c": false,
        "%vlocity_namespace%__MapId__c": "GetQuoteMembersFromGroups37059704365429424",
        "%vlocity_namespace%__UpsertKey__c": false,
        "Name": "GetQuoteMembersFromGroups",
        "VlocityDataPackType": "SObject",
        "VlocityRecordSObjectType": "%vlocity_namespace%__DRMapItem__c"
    },
    {
        "%vlocity_namespace%__DomainObjectAPIName__c": "json",
        "%vlocity_namespace%__DomainObjectCreationOrder__c": 1,
        "%vlocity_namespace%__DomainObjectFieldAPIName__c": "QuoteMember",
        "%vlocity_namespace%__DomainObjectFieldType__c": "List<Map>",
        "%vlocity_namespace%__GlobalKey__c": "2a8c4a37-59fd-02fd-7f7b-12efaedcd529",
        "%vlocity_namespace%__IsDisabled__c": false,
        "%vlocity_namespace%__IsRequiredForUpsert__c": false,
        "%vlocity_namespace%__MapId__c": "GetQuoteMembersFromGroups9206424408859817",
        "%vlocity_namespace%__UpsertKey__c": false,
        "Name": "GetQuoteMembersFromGroups",
        "VlocityDataPackType": "SObject",
        "VlocityRecordSObjectType": "%vlocity_namespace%__DRMapItem__c"
    },
    {
        "%vlocity_namespace%__DomainObjectAPIName__c": "json",
        "%vlocity_namespace%__DomainObjectCreationOrder__c": 1,
        "%vlocity_namespace%__DomainObjectFieldAPIName__c": "QuoteMember:Address",
        "%vlocity_namespace%__GlobalKey__c": "8cbc442b-523b-b54a-3832-1c8c7deb1cac",
        "%vlocity_namespace%__InterfaceFieldAPIName__c": "QuoteMember:%vlocity_namespace%__Address1__c",
        "%vlocity_namespace%__IsDisabled__c": false,
        "%vlocity_namespace%__IsRequiredForUpsert__c": false,
        "%vlocity_namespace%__MapId__c": "GetQuoteMembersFromGroups627872834819464",
        "%vlocity_namespace%__UpsertKey__c": false,
        "Name": "GetQuoteMembersFromGroups",
        "VlocityDataPackType": "SObject",
        "VlocityRecordSObjectType": "%vlocity_namespace%__DRMapItem__c"
    },
    {
        "%vlocity_namespace%__DomainObjectAPIName__c": "json",
        "%vlocity_namespace%__DomainObjectCreationOrder__c": 1,
        "%vlocity_namespace%__DomainObjectFieldAPIName__c": "QuoteMember:City",
        "%vlocity_namespace%__GlobalKey__c": "b1c6c6b1-1276-ff44-bf43-31215200be48",
        "%vlocity_namespace%__InterfaceFieldAPIName__c": "QuoteMember:%vlocity_namespace%__City__c",
        "%vlocity_namespace%__IsDisabled__c": false,
        "%vlocity_namespace%__IsRequiredForUpsert__c": false,
        "%vlocity_namespace%__MapId__c": "GetQuoteMembersFromGroups7205654324018516",
        "%vlocity_namespace%__UpsertKey__c": false,
        "Name": "GetQuoteMembersFromGroups",
        "VlocityDataPackType": "SObject",
        "VlocityRecordSObjectType": "%vlocity_namespace%__DRMapItem__c"
    },
    {
        "%vlocity_namespace%__DomainObjectAPIName__c": "json",
        "%vlocity_namespace%__DomainObjectCreationOrder__c": 1,
        "%vlocity_namespace%__DomainObjectFieldAPIName__c": "QuoteMember:Country",
        "%vlocity_namespace%__GlobalKey__c": "da6bef22-e24b-b9ca-d710-85b65b470622",
        "%vlocity_namespace%__InterfaceFieldAPIName__c": "QuoteMember:%vlocity_namespace%__Country__c",
        "%vlocity_namespace%__IsDisabled__c": false,
        "%vlocity_namespace%__IsRequiredForUpsert__c": false,
        "%vlocity_namespace%__MapId__c": "GetQuoteMembersFromGroups7136989452379428",
        "%vlocity_namespace%__UpsertKey__c": false,
        "Name": "GetQuoteMembersFromGroups",
        "VlocityDataPackType": "SObject",
        "VlocityRecordSObjectType": "%vlocity_namespace%__DRMapItem__c"
    },
    {
        "%vlocity_namespace%__DomainObjectAPIName__c": "json",
        "%vlocity_namespace%__DomainObjectCreationOrder__c": 1,
        "%vlocity_namespace%__DomainObjectFieldAPIName__c": "QuoteMember:Email",
        "%vlocity_namespace%__GlobalKey__c": "2747ccc1-cb3b-9536-eb43-d32d93cd8cf0",
        "%vlocity_namespace%__InterfaceFieldAPIName__c": "QuoteMember:%vlocity_namespace%__Email__c",
        "%vlocity_namespace%__IsDisabled__c": false,
        "%vlocity_namespace%__IsRequiredForUpsert__c": false,
        "%vlocity_namespace%__MapId__c": "GetQuoteMembersFromGroups3868988071513624",
        "%vlocity_namespace%__UpsertKey__c": false,
        "Name": "GetQuoteMembersFromGroups",
        "VlocityDataPackType": "SObject",
        "VlocityRecordSObjectType": "%vlocity_namespace%__DRMapItem__c"
    },
    {
        "%vlocity_namespace%__DomainObjectAPIName__c": "json",
        "%vlocity_namespace%__DomainObjectCreationOrder__c": 1,
        "%vlocity_namespace%__DomainObjectFieldAPIName__c": "QuoteMember:FirstName",
        "%vlocity_namespace%__GlobalKey__c": "8c94f985-5d24-e054-0293-1522ce6588ab",
        "%vlocity_namespace%__InterfaceFieldAPIName__c": "QuoteMember:%vlocity_namespace%__FirstName__c",
        "%vlocity_namespace%__IsDisabled__c": false,
        "%vlocity_namespace%__IsRequiredForUpsert__c": false,
        "%vlocity_namespace%__MapId__c": "GetQuoteMembersFromGroups26461357903264404",
        "%vlocity_namespace%__UpsertKey__c": false,
        "Name": "GetQuoteMembersFromGroups",
        "VlocityDataPackType": "SObject",
        "VlocityRecordSObjectType": "%vlocity_namespace%__DRMapItem__c"
    },
    {
        "%vlocity_namespace%__DomainObjectAPIName__c": "json",
        "%vlocity_namespace%__DomainObjectCreationOrder__c": 1,
        "%vlocity_namespace%__DomainObjectFieldAPIName__c": "QuoteMember:Id",
        "%vlocity_namespace%__GlobalKey__c": "4dc0fb42-923d-a4da-a59f-9d3109b616e1",
        "%vlocity_namespace%__InterfaceFieldAPIName__c": "QuoteMember:Id",
        "%vlocity_namespace%__IsDisabled__c": false,
        "%vlocity_namespace%__IsRequiredForUpsert__c": false,
        "%vlocity_namespace%__MapId__c": "GetQuoteMembersFromGroups6456347135794736",
        "%vlocity_namespace%__UpsertKey__c": false,
        "Name": "GetQuoteMembersFromGroups",
        "VlocityDataPackType": "SObject",
        "VlocityRecordSObjectType": "%vlocity_namespace%__DRMapItem__c"
    },
    {
        "%vlocity_namespace%__DomainObjectAPIName__c": "json",
        "%vlocity_namespace%__DomainObjectCreationOrder__c": 1,
        "%vlocity_namespace%__DomainObjectFieldAPIName__c": "QuoteMember:LastName",
        "%vlocity_namespace%__GlobalKey__c": "8a8b3be4-1455-2556-1633-76568005a704",
        "%vlocity_namespace%__InterfaceFieldAPIName__c": "QuoteMember:%vlocity_namespace%__LastName__c",
        "%vlocity_namespace%__IsDisabled__c": false,
        "%vlocity_namespace%__IsRequiredForUpsert__c": false,
        "%vlocity_namespace%__MapId__c": "GetQuoteMembersFromGroups677735363812686",
        "%vlocity_namespace%__UpsertKey__c": false,
        "Name": "GetQuoteMembersFromGroups",
        "VlocityDataPackType": "SObject",
        "VlocityRecordSObjectType": "%vlocity_namespace%__DRMapItem__c"
    },
    {
        "%vlocity_namespace%__DomainObjectAPIName__c": "json",
        "%vlocity_namespace%__DomainObjectCreationOrder__c": 1,
        "%vlocity_namespace%__DomainObjectFieldAPIName__c": "QuoteMember:Name",
        "%vlocity_namespace%__GlobalKey__c": "40515908-c1fa-8ab1-1ab3-d54d15735ceb",
        "%vlocity_namespace%__InterfaceFieldAPIName__c": "QuoteMember:Name",
        "%vlocity_namespace%__IsDisabled__c": false,
        "%vlocity_namespace%__IsRequiredForUpsert__c": false,
        "%vlocity_namespace%__MapId__c": "GetQuoteMembersFromGroups03373789806808114",
        "%vlocity_namespace%__UpsertKey__c": false,
        "Name": "GetQuoteMembersFromGroups",
        "VlocityDataPackType": "SObject",
        "VlocityRecordSObjectType": "%vlocity_namespace%__DRMapItem__c"
    },
    {
        "%vlocity_namespace%__DomainObjectAPIName__c": "json",
        "%vlocity_namespace%__DomainObjectCreationOrder__c": 1,
        "%vlocity_namespace%__DomainObjectFieldAPIName__c": "QuoteMember:ServiceAccountId",
        "%vlocity_namespace%__GlobalKey__c": "2c4820c5-bfc3-5587-78c1-590d4da2a073",
        "%vlocity_namespace%__InterfaceFieldAPIName__c": "QuoteMember:%vlocity_namespace%__ServiceAccountId__c",
        "%vlocity_namespace%__IsDisabled__c": false,
        "%vlocity_namespace%__IsRequiredForUpsert__c": false,
        "%vlocity_namespace%__MapId__c": "GetQuoteMembersFromGroups7879735737149989",
        "%vlocity_namespace%__UpsertKey__c": false,
        "Name": "GetQuoteMembersFromGroups",
        "VlocityDataPackType": "SObject",
        "VlocityRecordSObjectType": "%vlocity_namespace%__DRMapItem__c"
    },
    {
        "%vlocity_namespace%__DomainObjectAPIName__c": "json",
        "%vlocity_namespace%__DomainObjectCreationOrder__c": 1,
        "%vlocity_namespace%__DomainObjectFieldAPIName__c": "QuoteMember:State",
        "%vlocity_namespace%__GlobalKey__c": "b52e5df9-41c1-8d9a-7b7a-ba2694234af0",
        "%vlocity_namespace%__InterfaceFieldAPIName__c": "QuoteMember:%vlocity_namespace%__State__c",
        "%vlocity_namespace%__IsDisabled__c": false,
        "%vlocity_namespace%__IsRequiredForUpsert__c": false,
        "%vlocity_namespace%__MapId__c": "GetQuoteMembersFromGroups5848068393209529",
        "%vlocity_namespace%__UpsertKey__c": false,
        "Name": "GetQuoteMembersFromGroups",
        "VlocityDataPackType": "SObject",
        "VlocityRecordSObjectType": "%vlocity_namespace%__DRMapItem__c"
    }
]