[
    {
        "%vlocity_namespace%__DomainObjectAPIName__c": "json",
        "%vlocity_namespace%__DomainObjectCreationOrder__c": 0,
        "%vlocity_namespace%__DomainObjectFieldAPIName__c": "OrderGroup",
        "%vlocity_namespace%__FilterGroup__c": 0,
        "%vlocity_namespace%__FilterOperator__c": "=",
        "%vlocity_namespace%__FilterValue__c": "ContextId",
        "%vlocity_namespace%__GlobalKey__c": "7e1889b5-cbf4-452b-efa7-01b73a7b36dc",
        "%vlocity_namespace%__InterfaceFieldAPIName__c": "Id",
        "%vlocity_namespace%__InterfaceObjectLookupOrder__c": 1,
        "%vlocity_namespace%__InterfaceObjectName__c": "%vlocity_namespace%__OrderGroup__c",
        "%vlocity_namespace%__IsDisabled__c": false,
        "%vlocity_namespace%__IsRequiredForUpsert__c": false,
        "%vlocity_namespace%__MapId__c": "ESMGetGroupAndMembersForOrderCustoma00Dn000006c5CBIAYItem0",
        "%vlocity_namespace%__OMplusSyncEnabled__c": true,
        "%vlocity_namespace%__UpsertKey__c": false,
        "Name": "ESMGetGroupAndMembersForOrder",
        "VlocityDataPackType": "SObject",
        "VlocityRecordSObjectType": "%vlocity_namespace%__DRMapItem__c"
    },
    {
        "%vlocity_namespace%__DomainObjectAPIName__c": "json",
        "%vlocity_namespace%__DomainObjectCreationOrder__c": 0,
        "%vlocity_namespace%__DomainObjectFieldAPIName__c": "OrderMember",
        "%vlocity_namespace%__FilterGroup__c": 0,
        "%vlocity_namespace%__FilterOperator__c": "=",
        "%vlocity_namespace%__FilterValue__c": "ContextId",
        "%vlocity_namespace%__GlobalKey__c": "2ded33f4-5595-3376-0947-8bd9e799d3ca",
        "%vlocity_namespace%__InterfaceFieldAPIName__c": "%vlocity_namespace%__OrderGroupId__c",
        "%vlocity_namespace%__InterfaceObjectLookupOrder__c": 2,
        "%vlocity_namespace%__InterfaceObjectName__c": "%vlocity_namespace%__OrderMember__c",
        "%vlocity_namespace%__IsDisabled__c": false,
        "%vlocity_namespace%__IsRequiredForUpsert__c": false,
        "%vlocity_namespace%__MapId__c": "ESMGetGroupAndMembersForOrderCustoma00Dn000006c5CBIAYItem1",
        "%vlocity_namespace%__OMplusSyncEnabled__c": true,
        "%vlocity_namespace%__UpsertKey__c": false,
        "Name": "ESMGetGroupAndMembersForOrder",
        "VlocityDataPackType": "SObject",
        "VlocityRecordSObjectType": "%vlocity_namespace%__DRMapItem__c"
    },
    {
        "%vlocity_namespace%__DomainObjectAPIName__c": "json",
        "%vlocity_namespace%__DomainObjectCreationOrder__c": 1,
        "%vlocity_namespace%__DomainObjectFieldAPIName__c": "OrderGroup:ExpectedMemberCount",
        "%vlocity_namespace%__GlobalKey__c": "423ec0a6-369d-c506-c77e-1d9410b94a5f",
        "%vlocity_namespace%__InterfaceFieldAPIName__c": "OrderGroup:%vlocity_namespace%__ExpectedMemberCount__c",
        "%vlocity_namespace%__IsDisabled__c": false,
        "%vlocity_namespace%__IsRequiredForUpsert__c": false,
        "%vlocity_namespace%__MapId__c": "ESMGetGroupAndMembersForOrderCustoma00Dn000006c5CBIAYItem2",
        "%vlocity_namespace%__OMplusSyncEnabled__c": true,
        "%vlocity_namespace%__UpsertKey__c": false,
        "Name": "ESMGetGroupAndMembersForOrder",
        "VlocityDataPackType": "SObject",
        "VlocityRecordSObjectType": "%vlocity_namespace%__DRMapItem__c"
    },
    {
        "%vlocity_namespace%__DomainObjectAPIName__c": "json",
        "%vlocity_namespace%__DomainObjectCreationOrder__c": 1,
        "%vlocity_namespace%__DomainObjectFieldAPIName__c": "OrderGroup:Id",
        "%vlocity_namespace%__GlobalKey__c": "c70b1fe7-2a9a-471b-84bf-073e1d85553f",
        "%vlocity_namespace%__InterfaceFieldAPIName__c": "OrderGroup:Id",
        "%vlocity_namespace%__IsDisabled__c": false,
        "%vlocity_namespace%__IsRequiredForUpsert__c": false,
        "%vlocity_namespace%__MapId__c": "ESMGetGroupAndMembersForOrderCustoma00Dn000006c5CBIAYItem3",
        "%vlocity_namespace%__OMplusSyncEnabled__c": true,
        "%vlocity_namespace%__UpsertKey__c": false,
        "Name": "ESMGetGroupAndMembersForOrder",
        "VlocityDataPackType": "SObject",
        "VlocityRecordSObjectType": "%vlocity_namespace%__DRMapItem__c"
    },
    {
        "%vlocity_namespace%__DomainObjectAPIName__c": "json",
        "%vlocity_namespace%__DomainObjectCreationOrder__c": 1,
        "%vlocity_namespace%__DomainObjectFieldAPIName__c": "OrderGroup:MemberCount",
        "%vlocity_namespace%__GlobalKey__c": "a19469cf-a935-749f-6ad8-dffa015cea03",
        "%vlocity_namespace%__InterfaceFieldAPIName__c": "OrderGroup:%vlocity_namespace%__MemberCount__c",
        "%vlocity_namespace%__IsDisabled__c": false,
        "%vlocity_namespace%__IsRequiredForUpsert__c": false,
        "%vlocity_namespace%__MapId__c": "ESMGetGroupAndMembersForOrderCustoma00Dn000006c5CBIAYItem4",
        "%vlocity_namespace%__OMplusSyncEnabled__c": true,
        "%vlocity_namespace%__UpsertKey__c": false,
        "Name": "ESMGetGroupAndMembersForOrder",
        "VlocityDataPackType": "SObject",
        "VlocityRecordSObjectType": "%vlocity_namespace%__DRMapItem__c"
    },
    {
        "%vlocity_namespace%__DomainObjectAPIName__c": "json",
        "%vlocity_namespace%__DomainObjectCreationOrder__c": 1,
        "%vlocity_namespace%__DomainObjectFieldAPIName__c": "OrderGroup:MemberType",
        "%vlocity_namespace%__GlobalKey__c": "c56b660b-dc51-c3f5-7c36-ec9e0f006dac",
        "%vlocity_namespace%__InterfaceFieldAPIName__c": "OrderGroup:%vlocity_namespace%__MemberType__c",
        "%vlocity_namespace%__IsDisabled__c": false,
        "%vlocity_namespace%__IsRequiredForUpsert__c": false,
        "%vlocity_namespace%__MapId__c": "ESMGetGroupAndMembersForOrderCustoma00Dn000006c5CBIAYItem5",
        "%vlocity_namespace%__OMplusSyncEnabled__c": true,
        "%vlocity_namespace%__UpsertKey__c": false,
        "Name": "ESMGetGroupAndMembersForOrder",
        "VlocityDataPackType": "SObject",
        "VlocityRecordSObjectType": "%vlocity_namespace%__DRMapItem__c"
    },
    {
        "%vlocity_namespace%__DomainObjectAPIName__c": "json",
        "%vlocity_namespace%__DomainObjectCreationOrder__c": 1,
        "%vlocity_namespace%__DomainObjectFieldAPIName__c": "OrderGroup:OrderMember",
        "%vlocity_namespace%__DomainObjectFieldType__c": "List<Map>",
        "%vlocity_namespace%__GlobalKey__c": "6a33cfd3-898a-5130-bfae-c769e18ac614",
        "%vlocity_namespace%__IsDisabled__c": false,
        "%vlocity_namespace%__IsRequiredForUpsert__c": false,
        "%vlocity_namespace%__MapId__c": "ESMGetGroupAndMembersForOrderCustoma00Dn000006c5CBIAYItem6",
        "%vlocity_namespace%__OMplusSyncEnabled__c": true,
        "%vlocity_namespace%__UpsertKey__c": false,
        "Name": "ESMGetGroupAndMembersForOrder",
        "VlocityDataPackType": "SObject",
        "VlocityRecordSObjectType": "%vlocity_namespace%__DRMapItem__c"
    },
    {
        "%vlocity_namespace%__DomainObjectAPIName__c": "json",
        "%vlocity_namespace%__DomainObjectCreationOrder__c": 1,
        "%vlocity_namespace%__DomainObjectFieldAPIName__c": "OrderGroup:OrderMember:Id",
        "%vlocity_namespace%__GlobalKey__c": "a225babc-fd52-12e5-07fe-9bccda32a8be",
        "%vlocity_namespace%__InterfaceFieldAPIName__c": "OrderMember:Id",
        "%vlocity_namespace%__IsDisabled__c": false,
        "%vlocity_namespace%__IsRequiredForUpsert__c": false,
        "%vlocity_namespace%__MapId__c": "ESMGetGroupAndMembersForOrderCustoma00Dn000006c5CBIAYItem7",
        "%vlocity_namespace%__OMplusSyncEnabled__c": true,
        "%vlocity_namespace%__UpsertKey__c": false,
        "Name": "ESMGetGroupAndMembersForOrder",
        "VlocityDataPackType": "SObject",
        "VlocityRecordSObjectType": "%vlocity_namespace%__DRMapItem__c"
    }
]