{
    "EachQuotemember": [
        {
            "LoopBlockIterationIndex": 1,
            "LoopBlockIterationStatus": true,
            "PayLoadForAddressValidation": {
                "Id": "a4t4x0000010b8JAAQ",
                "city": "Gloucester",
                "postcode": "K1V 1S1",
                "streetName": "2400 Alert Rd"
            },
            "PayLoadForAddressValidationStatus": true,
            "TMFAPICall": {
                "alternateAddress": [
                    {
                        "@type": "UrbanPropertyAddress ",
                        "city": "Lyon",
                        "country": "France",
                        "geographicLocationReforValue": {
                            "href": "https://host:port/location/geographicLocation/7200",
                            "id": "7200"
                        },
                        "href": "https://host:port/location/geographicAddress/1960",
                        "id": "1960",
                        "locality": "Lyon",
                        "postcode": "69004",
                        "stateOrProvince": "Rhone",
                        "streetName": "Denfert-Rocheraut",
                        "streetNr": "2",
                        "streetType": "rue"
                    },
                    {
                        "@type": "UrbanPropertyAddress ",
                        "city": "Lyon",
                        "country": "France",
                        "geographicLocationRefOrValue": {
                            "href": "https://host:port/location/geographicLocation/7204",
                            "id": "7204"
                        },
                        "href": "https://host:port/location/geographicAddress/8965",
                        "id": "8965",
                        "locality": "Lyon",
                        "postcode": "69004",
                        "stateOrProvince": "Rhone",
                        "streetName": "Denfert-Rocheraut",
                        "streetNr": "4",
                        "streetType": "rue"
                    },
                    {
                        "@type": "UrbanPropertyAddress",
                        "city": "Lyon",
                        "country": "France",
                        "geographicLocationRefOrValue": {
                            "href": "https://host:port/location/geographicLocation/7263",
                            "id": "7263"
                        },
                        "href": "https://host:port/location/geographicAddress/7854",
                        "id": "7854",
                        "locality": "Lyon",
                        "postcode": "69004",
                        "stateOrProvince": "Rhone",
                        "streetName": "Denfert-Rocheraut",
                        "streetNr": "6",
                        "streetType": "rue"
                    },
                    {
                        "@type": "UrbanPropertyAddress",
                        "city": "Lyon",
                        "country": "France",
                        "geographicLocationRefOrValue": {
                            "href": "https://host:port/location/geographicLocation/8523",
                            "id": "8523"
                        },
                        "href": "https://host:port/location/geographicAddress/1236",
                        "id": "1236",
                        "locality": "Lyon",
                        "postcode": "69004",
                        "stateOrProvince": "Rhone",
                        "streetName": "Denfert-Rocheraut",
                        "streetNr": "8",
                        "streetType": "rue"
                    }
                ],
                "href": "https://host:port/location/geographicAddressValidation/8318",
                "id": "8318",
                "provideAlternative": true,
                "status": "done",
                "validationDate": "2017-05-03T00:00",
                "validationResult": "partial"
            },
            "TMFAPICallStatus": true
        },
        {
            "LoopBlockIterationIndex": 2,
            "LoopBlockIterationStatus": true,
            "PayLoadForAddressValidation": {
                "Id": "a4t4x0000010b8KAAQ",
                "city": "Ottawa",
                "postcode": "K1R 0C7",
                "streetName": "361 Queen St"
            },
            "PayLoadForAddressValidationStatus": true,
            "TMFAPICall": {
                "alternateAddress": [
                    {
                        "@type": "UrbanPropertyAddress ",
                        "city": "Lyon",
                        "country": "France",
                        "geographicLocationReforValue": {
                            "href": "https://host:port/location/geographicLocation/7200",
                            "id": "7200"
                        },
                        "href": "https://host:port/location/geographicAddress/1960",
                        "id": "1960",
                        "locality": "Lyon",
                        "postcode": "69004",
                        "stateOrProvince": "Rhone",
                        "streetName": "Denfert-Rocheraut",
                        "streetNr": "2",
                        "streetType": "rue"
                    },
                    {
                        "@type": "UrbanPropertyAddress ",
                        "city": "Lyon",
                        "country": "France",
                        "geographicLocationRefOrValue": {
                            "href": "https://host:port/location/geographicLocation/7204",
                            "id": "7204"
                        },
                        "href": "https://host:port/location/geographicAddress/8965",
                        "id": "8965",
                        "locality": "Lyon",
                        "postcode": "69004",
                        "stateOrProvince": "Rhone",
                        "streetName": "Denfert-Rocheraut",
                        "streetNr": "4",
                        "streetType": "rue"
                    },
                    {
                        "@type": "UrbanPropertyAddress",
                        "city": "Lyon",
                        "country": "France",
                        "geographicLocationRefOrValue": {
                            "href": "https://host:port/location/geographicLocation/7263",
                            "id": "7263"
                        },
                        "href": "https://host:port/location/geographicAddress/7854",
                        "id": "7854",
                        "locality": "Lyon",
                        "postcode": "69004",
                        "stateOrProvince": "Rhone",
                        "streetName": "Denfert-Rocheraut",
                        "streetNr": "6",
                        "streetType": "rue"
                    },
                    {
                        "@type": "UrbanPropertyAddress",
                        "city": "Lyon",
                        "country": "France",
                        "geographicLocationRefOrValue": {
                            "href": "https://host:port/location/geographicLocation/8523",
                            "id": "8523"
                        },
                        "href": "https://host:port/location/geographicAddress/1236",
                        "id": "1236",
                        "locality": "Lyon",
                        "postcode": "69004",
                        "stateOrProvince": "Rhone",
                        "streetName": "Denfert-Rocheraut",
                        "streetNr": "8",
                        "streetType": "rue"
                    }
                ],
                "href": "https://host:port/location/geographicAddressValidation/8318",
                "id": "8318",
                "provideAlternative": true,
                "status": "done",
                "validationDate": "2017-05-03T00:00",
                "validationResult": "partial"
            },
            "TMFAPICallStatus": true
        }
    ]
}