{
    "EachQuotemember": [
        {
            "LoopBlockIterationIndex": 1,
            "LoopBlockIterationStatus": true,
            "PayLoadForAddressValidationStatus": true,
            "QuoteMemberId": "a4t4x0000010b8JAAQ",
            "TMFAPICallStatus": true,
            "ValidationDate": "2017-05-03T00:00:00.000Z",
            "ValidationResult": "partial"
        },
        {
            "LoopBlockIterationIndex": 2,
            "LoopBlockIterationStatus": true,
            "PayLoadForAddressValidationStatus": true,
            "QuoteMemberId": "a4t4x0000010b8KAAQ",
            "TMFAPICallStatus": true,
            "ValidationDate": "2017-05-03T00:00:00.000Z",
            "ValidationResult": "partial"
        }
    ]
}