{
    "AllRootItems": {
        "QLI": [
            {
                "Id": "0QL4x000000YrJCGA0",
                "QuoteId": "0Q04x000000YUbrCAG"
            },
            {
                "Id": "0QL4x000000YrJDGA0",
                "QuoteId": "0Q04x000000YUbrCAG"
            },
            {
                "Id": "0QL4x000000YrJEGA0",
                "QuoteId": "0Q04x000000YUbrCAG"
            },
            {
                "Id": "0QL4x000000YrJFGA0",
                "QuoteId": "0Q04x000000YUbrCAG"
            },
            {
                "Id": "0QL4x000000YrJGGA0",
                "QuoteId": "0Q04x000000YUbrCAG"
            },
            {
                "Id": "0QL4x000000YrJHGA0",
                "QuoteId": "0Q04x000000YUbrCAG"
            },
            {
                "Id": "0QL4x000000YrJIGA0",
                "QuoteId": "0Q04x000000YUbrCAG"
            },
            {
                "Id": "0QL4x000000YrJJGA0",
                "QuoteId": "0Q04x000000YUbrCAG"
            },
            {
                "Id": "0QL4x000000YrJKGA0",
                "QuoteId": "0Q04x000000YUbrCAG"
            },
            {
                "Id": "0QL4x000000YrJLGA0",
                "QuoteId": "0Q04x000000YUbrCAG"
            },
            {
                "Id": "0QL4x000000YrJMGA0",
                "QuoteId": "0Q04x000000YUbrCAG"
            },
            {
                "Id": "0QL4x000000YrJNGA0",
                "QuoteId": "0Q04x000000YUbrCAG"
            },
            {
                "Id": "0QL4x000000YrJOGA0",
                "QuoteId": "0Q04x000000YUbrCAG"
            },
            {
                "Id": "0QL4x000000YrJPGA0",
                "QuoteId": "0Q04x000000YUbrCAG"
            },
            {
                "Id": "0QL4x000000YrJQGA0",
                "QuoteId": "0Q04x000000YUbrCAG"
            },
            {
                "Id": "0QL4x000000YrJRGA0",
                "QuoteId": "0Q04x000000YUbrCAG"
            },
            {
                "Id": "0QL4x000000YrJSGA0",
                "QuoteId": "0Q04x000000YUbrCAG"
            },
            {
                "Id": "0QL4x000000YrJTGA0",
                "QuoteId": "0Q04x000000YUbrCAG"
            },
            {
                "Id": "0QL4x000000YrJUGA0",
                "QuoteId": "0Q04x000000YUbrCAG"
            },
            {
                "Id": "0QL4x000000YrImGAK",
                "QuoteId": "0Q04x000000YUbrCAG"
            },
            {
                "Id": "0QL4x000000YrInGAK",
                "QuoteId": "0Q04x000000YUbrCAG"
            },
            {
                "Id": "0QL4x000000YrIoGAK",
                "QuoteId": "0Q04x000000YUbrCAG"
            },
            {
                "Id": "0QL4x000000YrIpGAK",
                "QuoteId": "0Q04x000000YUbrCAG"
            },
            {
                "Id": "0QL4x000000YrIvGAK",
                "QuoteId": "0Q04x000000YUbrCAG"
            },
            {
                "Id": "0QL4x000000YrIwGAK",
                "QuoteId": "0Q04x000000YUbrCAG"
            },
            {
                "Id": "0QL4x000000YrIxGAK",
                "QuoteId": "0Q04x000000YUbrCAG"
            },
            {
                "Id": "0QL4x000000YrIyGAK",
                "QuoteId": "0Q04x000000YUbrCAG"
            },
            {
                "Id": "0QL4x000000YrIzGAK",
                "QuoteId": "0Q04x000000YUbrCAG"
            },
            {
                "Id": "0QL4x000000YrJ0GAK",
                "QuoteId": "0Q04x000000YUbrCAG"
            },
            {
                "Id": "0QL4x000000YrJ1GAK",
                "QuoteId": "0Q04x000000YUbrCAG"
            },
            {
                "Id": "0QL4x000000YrJ2GAK",
                "QuoteId": "0Q04x000000YUbrCAG"
            },
            {
                "Id": "0QL4x000000YrJ3GAK",
                "QuoteId": "0Q04x000000YUbrCAG"
            },
            {
                "Id": "0QL4x000000YrJ4GAK",
                "QuoteId": "0Q04x000000YUbrCAG"
            },
            {
                "Id": "0QL4x000000YrJ5GAK",
                "QuoteId": "0Q04x000000YUbrCAG"
            },
            {
                "Id": "0QL4x000000YrJ6GAK",
                "QuoteId": "0Q04x000000YUbrCAG"
            },
            {
                "Id": "0QL4x000000YrJ7GAK",
                "QuoteId": "0Q04x000000YUbrCAG"
            },
            {
                "Id": "0QL4x000000YrJ8GAK",
                "QuoteId": "0Q04x000000YUbrCAG"
            },
            {
                "Id": "0QL4x000000YrJ9GAK",
                "QuoteId": "0Q04x000000YUbrCAG"
            },
            {
                "Id": "0QL4x000000YrJAGA0",
                "QuoteId": "0Q04x000000YUbrCAG"
            },
            {
                "Id": "0QL4x000000YrJBGA0",
                "QuoteId": "0Q04x000000YUbrCAG"
            },
            {
                "Id": "0QL4x000000YrIeGAK",
                "QuoteId": "0Q04x000000YUbrCAG"
            },
            {
                "Id": "0QL4x000000YzS7GAK",
                "QuoteId": "0Q04x000000YUbrCAG"
            },
            {
                "Id": "0QL4x000000YzS8GAK",
                "QuoteId": "0Q04x000000YUbrCAG"
            },
            {
                "Id": "0QL4x000000YzSAGA0",
                "QuoteId": "0Q04x000000YUbrCAG"
            },
            {
                "Id": "0QL4x000000YzSIGA0",
                "QuoteId": "0Q04x000000YUbrCAG"
            },
            {
                "Id": "0QL4x000000YzSJGA0",
                "QuoteId": "0Q04x000000YUbrCAG"
            },
            {
                "Id": "0QL4x000000YzSKGA0",
                "QuoteId": "0Q04x000000YUbrCAG"
            },
            {
                "Id": "0QL4x000000YzSLGA0",
                "QuoteId": "0Q04x000000YUbrCAG"
            },
            {
                "Id": "0QL4x000000YzSMGA0",
                "QuoteId": "0Q04x000000YUbrCAG"
            },
            {
                "Id": "0QL4x000000YzSNGA0",
                "QuoteId": "0Q04x000000YUbrCAG"
            },
            {
                "Id": "0QL4x000000YzSOGA0",
                "QuoteId": "0Q04x000000YUbrCAG"
            }
        ]
    },
    "MemberId": "a4t4x000000crbvAAA"
}