[
    {
        "%vlocity_namespace%__DefaultValue__c": "null",
        "%vlocity_namespace%__DomainObjectAPIName__c": "QuoteLineItem",
        "%vlocity_namespace%__DomainObjectCreationOrder__c": 1,
        "%vlocity_namespace%__DomainObjectFieldAPIName__c": "%vlocity_namespace%__QuoteGroupId__c",
        "%vlocity_namespace%__DomainObjectFieldType__c": "String",
        "%vlocity_namespace%__InterfaceFieldAPIName__c": "GroupId",
        "%vlocity_namespace%__IsDisabled__c": false,
        "%vlocity_namespace%__IsRequiredForUpsert__c": false,
        "%vlocity_namespace%__MapId__c": "UpdateMemberOrGroupQLICustoma1V3g000000elQOEAYItem1",
        "%vlocity_namespace%__OMplusSyncEnabled__c": false,
        "%vlocity_namespace%__UpsertKey__c": false,
        "Name": "UpdateMemberOrGroupQLI",
        "VlocityDataPackType": "SObject",
        "VlocityRecordSObjectType": "%vlocity_namespace%__DRMapItem__c"
    },
    {
        "%vlocity_namespace%__DefaultValue__c": "null",
        "%vlocity_namespace%__DomainObjectAPIName__c": "QuoteLineItem",
        "%vlocity_namespace%__DomainObjectCreationOrder__c": 1,
        "%vlocity_namespace%__DomainObjectFieldAPIName__c": "%vlocity_namespace%__QuoteMemberId__c",
        "%vlocity_namespace%__DomainObjectFieldType__c": "String",
        "%vlocity_namespace%__InterfaceFieldAPIName__c": "MemberId",
        "%vlocity_namespace%__IsDisabled__c": false,
        "%vlocity_namespace%__IsRequiredForUpsert__c": false,
        "%vlocity_namespace%__MapId__c": "UpdateMemberOrGroupQLICustoma1V3g000000elQOEAYItem2",
        "%vlocity_namespace%__OMplusSyncEnabled__c": false,
        "%vlocity_namespace%__UpsertKey__c": false,
        "Name": "UpdateMemberOrGroupQLI",
        "VlocityDataPackType": "SObject",
        "VlocityRecordSObjectType": "%vlocity_namespace%__DRMapItem__c"
    },
    {
        "%vlocity_namespace%__DomainObjectAPIName__c": "QuoteLineItem",
        "%vlocity_namespace%__DomainObjectCreationOrder__c": 1,
        "%vlocity_namespace%__DomainObjectFieldAPIName__c": "Id",
        "%vlocity_namespace%__DomainObjectFieldType__c": "String",
        "%vlocity_namespace%__InterfaceFieldAPIName__c": "AllRootItems:QLI:Id",
        "%vlocity_namespace%__IsDisabled__c": false,
        "%vlocity_namespace%__IsRequiredForUpsert__c": false,
        "%vlocity_namespace%__MapId__c": "UpdateMemberOrGroupQLICustoma1V3g000000elQOEAYItem3",
        "%vlocity_namespace%__OMplusSyncEnabled__c": false,
        "%vlocity_namespace%__UpsertKey__c": true,
        "Name": "UpdateMemberOrGroupQLI",
        "VlocityDataPackType": "SObject",
        "VlocityRecordSObjectType": "%vlocity_namespace%__DRMapItem__c"
    },
    {
        "%vlocity_namespace%__ConfigurationValue__c": "FAKEMAPPING",
        "%vlocity_namespace%__DomainObjectAPIName__c": "QuoteLineItem",
        "%vlocity_namespace%__DomainObjectCreationOrder__c": 1,
        "%vlocity_namespace%__DomainObjectFieldAPIName__c": "Id",
        "%vlocity_namespace%__FilterOperator__c": "=",
        "%vlocity_namespace%__IsDisabled__c": true,
        "%vlocity_namespace%__IsRequiredForUpsert__c": false,
        "%vlocity_namespace%__MapId__c": "UpdateMemberOrGroupQLICustoma1V3g000000elQOEAYItem0",
        "%vlocity_namespace%__OMplusSyncEnabled__c": false,
        "%vlocity_namespace%__UpsertKey__c": false,
        "Name": "UpdateMemberOrGroupQLI",
        "VlocityDataPackType": "SObject",
        "VlocityRecordSObjectType": "%vlocity_namespace%__DRMapItem__c"
    }
]