[
    {
        "%vlocity_namespace%__DomainObjectAPIName__c": "json",
        "%vlocity_namespace%__DomainObjectCreationOrder__c": 0,
        "%vlocity_namespace%__DomainObjectFieldAPIName__c": "QLI",
        "%vlocity_namespace%__FilterGroup__c": 0,
        "%vlocity_namespace%__FilterOperator__c": "=",
        "%vlocity_namespace%__FilterValue__c": "cartId",
        "%vlocity_namespace%__GlobalKey__c": "35c82023-9aba-07dd-7887-40301c75cffc",
        "%vlocity_namespace%__InterfaceFieldAPIName__c": "QuoteId",
        "%vlocity_namespace%__InterfaceObjectLookupOrder__c": 1,
        "%vlocity_namespace%__InterfaceObjectName__c": "QuoteLineItem",
        "%vlocity_namespace%__IsDisabled__c": false,
        "%vlocity_namespace%__IsRequiredForUpsert__c": false,
        "%vlocity_namespace%__MapId__c": "ESMGetCartProductRelationshipCustom9613",
        "%vlocity_namespace%__OMplusSyncEnabled__c": true,
        "%vlocity_namespace%__UpsertKey__c": false,
        "Name": "ESMGetCartProductRelationship",
        "VlocityDataPackType": "SObject",
        "VlocityRecordSObjectType": "%vlocity_namespace%__DRMapItem__c"
    },
    {
        "%vlocity_namespace%__DomainObjectAPIName__c": "json",
        "%vlocity_namespace%__DomainObjectCreationOrder__c": 0,
        "%vlocity_namespace%__DomainObjectFieldAPIName__c": "ProductRelationship",
        "%vlocity_namespace%__FilterGroup__c": 0,
        "%vlocity_namespace%__FilterOperator__c": "=",
        "%vlocity_namespace%__FilterValue__c": "QLI:Product2Id",
        "%vlocity_namespace%__GlobalKey__c": "c85c2260-1e6b-41e5-d9af-a2710cbe632e",
        "%vlocity_namespace%__InterfaceFieldAPIName__c": "%vlocity_namespace%__Product2Id__c",
        "%vlocity_namespace%__InterfaceObjectLookupOrder__c": 2,
        "%vlocity_namespace%__InterfaceObjectName__c": "%vlocity_namespace%__ProductRelationship__c",
        "%vlocity_namespace%__IsDisabled__c": false,
        "%vlocity_namespace%__IsRequiredForUpsert__c": false,
        "%vlocity_namespace%__MapId__c": "ESMGetCartProductRelationshipCustom6035",
        "%vlocity_namespace%__OMplusSyncEnabled__c": true,
        "%vlocity_namespace%__UpsertKey__c": false,
        "Name": "ESMGetCartProductRelationship",
        "VlocityDataPackType": "SObject",
        "VlocityRecordSObjectType": "%vlocity_namespace%__DRMapItem__c"
    },
    {
        "%vlocity_namespace%__DomainObjectAPIName__c": "json",
        "%vlocity_namespace%__DomainObjectCreationOrder__c": 0,
        "%vlocity_namespace%__DomainObjectFieldAPIName__c": "ProductRelationship",
        "%vlocity_namespace%__FilterGroup__c": 1,
        "%vlocity_namespace%__FilterOperator__c": "=",
        "%vlocity_namespace%__FilterValue__c": "ReliesOn",
        "%vlocity_namespace%__GlobalKey__c": "6e9aff61-4b01-e2f9-ee8f-61d6922995cf",
        "%vlocity_namespace%__InterfaceFieldAPIName__c": "%vlocity_namespace%__RelationshipType__c",
        "%vlocity_namespace%__InterfaceObjectLookupOrder__c": 2,
        "%vlocity_namespace%__InterfaceObjectName__c": "%vlocity_namespace%__ProductRelationship__c",
        "%vlocity_namespace%__IsDisabled__c": false,
        "%vlocity_namespace%__IsRequiredForUpsert__c": false,
        "%vlocity_namespace%__MapId__c": "ESMGetCartProductRelationshipCustom6985",
        "%vlocity_namespace%__OMplusSyncEnabled__c": true,
        "%vlocity_namespace%__UpsertKey__c": false,
        "Name": "ESMGetCartProductRelationship",
        "VlocityDataPackType": "SObject",
        "VlocityRecordSObjectType": "%vlocity_namespace%__DRMapItem__c"
    },
    {
        "%vlocity_namespace%__DomainObjectAPIName__c": "json",
        "%vlocity_namespace%__DomainObjectCreationOrder__c": 0,
        "%vlocity_namespace%__DomainObjectFieldAPIName__c": "QuoteProductRelationship",
        "%vlocity_namespace%__FilterGroup__c": 0,
        "%vlocity_namespace%__FilterOperator__c": "=",
        "%vlocity_namespace%__FilterValue__c": "cartId",
        "%vlocity_namespace%__GlobalKey__c": "1528e8c6-6dc6-255a-682a-44091d62c31c",
        "%vlocity_namespace%__InterfaceFieldAPIName__c": "%vlocity_namespace%__QuoteId__c",
        "%vlocity_namespace%__InterfaceObjectLookupOrder__c": 3,
        "%vlocity_namespace%__InterfaceObjectName__c": "%vlocity_namespace%__QuoteLineItemRelationship__c",
        "%vlocity_namespace%__IsDisabled__c": false,
        "%vlocity_namespace%__IsRequiredForUpsert__c": false,
        "%vlocity_namespace%__MapId__c": "ESMGetCartProductRelationshipCustom142",
        "%vlocity_namespace%__OMplusSyncEnabled__c": true,
        "%vlocity_namespace%__UpsertKey__c": false,
        "Name": "ESMGetCartProductRelationship",
        "VlocityDataPackType": "SObject",
        "VlocityRecordSObjectType": "%vlocity_namespace%__DRMapItem__c"
    },
    {
        "%vlocity_namespace%__DomainObjectAPIName__c": "json",
        "%vlocity_namespace%__DomainObjectCreationOrder__c": 1,
        "%vlocity_namespace%__DomainObjectFieldAPIName__c": "ProductRelationship:%vlocity_namespace%__GlobalKey__c",
        "%vlocity_namespace%__GlobalKey__c": "9e3d9b16-0a5f-c018-ed6a-63a534295c71",
        "%vlocity_namespace%__InterfaceFieldAPIName__c": "ProductRelationship:%vlocity_namespace%__GlobalKey__c",
        "%vlocity_namespace%__IsDisabled__c": false,
        "%vlocity_namespace%__IsRequiredForUpsert__c": false,
        "%vlocity_namespace%__MapId__c": "ESMGetCartProductRelationshipCustom8424",
        "%vlocity_namespace%__OMplusSyncEnabled__c": true,
        "%vlocity_namespace%__UpsertKey__c": false,
        "Name": "ESMGetCartProductRelationship",
        "VlocityDataPackType": "SObject",
        "VlocityRecordSObjectType": "%vlocity_namespace%__DRMapItem__c"
    },
    {
        "%vlocity_namespace%__DomainObjectAPIName__c": "json",
        "%vlocity_namespace%__DomainObjectCreationOrder__c": 1,
        "%vlocity_namespace%__DomainObjectFieldAPIName__c": "ProductRelationship:%vlocity_namespace%__MaxQuantity__c",
        "%vlocity_namespace%__GlobalKey__c": "af8cb7d6-438a-ac4a-ee5e-fc06b96ee833",
        "%vlocity_namespace%__InterfaceFieldAPIName__c": "ProductRelationship:%vlocity_namespace%__MaxQuantity__c",
        "%vlocity_namespace%__IsDisabled__c": false,
        "%vlocity_namespace%__IsRequiredForUpsert__c": false,
        "%vlocity_namespace%__MapId__c": "ESMGetCartProductRelationshipCustom6427",
        "%vlocity_namespace%__OMplusSyncEnabled__c": true,
        "%vlocity_namespace%__UpsertKey__c": false,
        "Name": "ESMGetCartProductRelationship",
        "VlocityDataPackType": "SObject",
        "VlocityRecordSObjectType": "%vlocity_namespace%__DRMapItem__c"
    },
    {
        "%vlocity_namespace%__DomainObjectAPIName__c": "json",
        "%vlocity_namespace%__DomainObjectCreationOrder__c": 1,
        "%vlocity_namespace%__DomainObjectFieldAPIName__c": "ProductRelationship:%vlocity_namespace%__MinQuantity__c",
        "%vlocity_namespace%__GlobalKey__c": "da5a0863-7a3e-fa3e-7fe9-e3449fc3fa09",
        "%vlocity_namespace%__InterfaceFieldAPIName__c": "ProductRelationship:%vlocity_namespace%__MinQuantity__c",
        "%vlocity_namespace%__IsDisabled__c": false,
        "%vlocity_namespace%__IsRequiredForUpsert__c": false,
        "%vlocity_namespace%__MapId__c": "ESMGetCartProductRelationshipCustom9979",
        "%vlocity_namespace%__OMplusSyncEnabled__c": true,
        "%vlocity_namespace%__UpsertKey__c": false,
        "Name": "ESMGetCartProductRelationship",
        "VlocityDataPackType": "SObject",
        "VlocityRecordSObjectType": "%vlocity_namespace%__DRMapItem__c"
    },
    {
        "%vlocity_namespace%__DomainObjectAPIName__c": "json",
        "%vlocity_namespace%__DomainObjectCreationOrder__c": 1,
        "%vlocity_namespace%__DomainObjectFieldAPIName__c": "ProductRelationship:%vlocity_namespace%__Product2Id__c",
        "%vlocity_namespace%__GlobalKey__c": "d17b3c09-9146-0f4a-9b41-da5f518e8f75",
        "%vlocity_namespace%__InterfaceFieldAPIName__c": "ProductRelationship:%vlocity_namespace%__Product2Id__c",
        "%vlocity_namespace%__IsDisabled__c": false,
        "%vlocity_namespace%__IsRequiredForUpsert__c": false,
        "%vlocity_namespace%__MapId__c": "ESMGetCartProductRelationshipCustom3923",
        "%vlocity_namespace%__OMplusSyncEnabled__c": true,
        "%vlocity_namespace%__UpsertKey__c": false,
        "Name": "ESMGetCartProductRelationship",
        "VlocityDataPackType": "SObject",
        "VlocityRecordSObjectType": "%vlocity_namespace%__DRMapItem__c"
    },
    {
        "%vlocity_namespace%__DomainObjectAPIName__c": "json",
        "%vlocity_namespace%__DomainObjectCreationOrder__c": 1,
        "%vlocity_namespace%__DomainObjectFieldAPIName__c": "ProductRelationship:%vlocity_namespace%__RelatedProductId__c",
        "%vlocity_namespace%__GlobalKey__c": "25e7808f-ceb2-4b1b-b621-1f473b152fed",
        "%vlocity_namespace%__InterfaceFieldAPIName__c": "ProductRelationship:%vlocity_namespace%__RelatedProductId__c",
        "%vlocity_namespace%__IsDisabled__c": false,
        "%vlocity_namespace%__IsRequiredForUpsert__c": false,
        "%vlocity_namespace%__MapId__c": "ESMGetCartProductRelationshipCustom2926",
        "%vlocity_namespace%__OMplusSyncEnabled__c": true,
        "%vlocity_namespace%__UpsertKey__c": false,
        "Name": "ESMGetCartProductRelationship",
        "VlocityDataPackType": "SObject",
        "VlocityRecordSObjectType": "%vlocity_namespace%__DRMapItem__c"
    },
    {
        "%vlocity_namespace%__DomainObjectAPIName__c": "json",
        "%vlocity_namespace%__DomainObjectCreationOrder__c": 1,
        "%vlocity_namespace%__DomainObjectFieldAPIName__c": "ProductRelationship:%vlocity_namespace%__RelationshipType__c",
        "%vlocity_namespace%__GlobalKey__c": "85ed0365-89cf-e899-7a4e-03187e117784",
        "%vlocity_namespace%__InterfaceFieldAPIName__c": "ProductRelationship:%vlocity_namespace%__RelationshipType__c",
        "%vlocity_namespace%__IsDisabled__c": false,
        "%vlocity_namespace%__IsRequiredForUpsert__c": false,
        "%vlocity_namespace%__MapId__c": "ESMGetCartProductRelationshipCustom3343",
        "%vlocity_namespace%__OMplusSyncEnabled__c": true,
        "%vlocity_namespace%__UpsertKey__c": false,
        "Name": "ESMGetCartProductRelationship",
        "VlocityDataPackType": "SObject",
        "VlocityRecordSObjectType": "%vlocity_namespace%__DRMapItem__c"
    },
    {
        "%vlocity_namespace%__DomainObjectAPIName__c": "json",
        "%vlocity_namespace%__DomainObjectCreationOrder__c": 1,
        "%vlocity_namespace%__DomainObjectFieldAPIName__c": "ProductRelationship:Id",
        "%vlocity_namespace%__GlobalKey__c": "67c0efed-e73d-a9cd-756c-4ab9ed15338e",
        "%vlocity_namespace%__InterfaceFieldAPIName__c": "ProductRelationship:Id",
        "%vlocity_namespace%__IsDisabled__c": false,
        "%vlocity_namespace%__IsRequiredForUpsert__c": false,
        "%vlocity_namespace%__MapId__c": "ESMGetCartProductRelationshipCustom2876",
        "%vlocity_namespace%__OMplusSyncEnabled__c": true,
        "%vlocity_namespace%__TransformValuesMap__c": "{}",
        "%vlocity_namespace%__UpsertKey__c": false,
        "Name": "ESMGetCartProductRelationship",
        "VlocityDataPackType": "SObject",
        "VlocityRecordSObjectType": "%vlocity_namespace%__DRMapItem__c"
    },
    {
        "%vlocity_namespace%__DomainObjectAPIName__c": "json",
        "%vlocity_namespace%__DomainObjectCreationOrder__c": 1,
        "%vlocity_namespace%__DomainObjectFieldAPIName__c": "ProductRelationship:Name",
        "%vlocity_namespace%__GlobalKey__c": "376cab65-cb5d-bb05-6d46-1c11e84b633e",
        "%vlocity_namespace%__InterfaceFieldAPIName__c": "ProductRelationship:Name",
        "%vlocity_namespace%__IsDisabled__c": false,
        "%vlocity_namespace%__IsRequiredForUpsert__c": false,
        "%vlocity_namespace%__MapId__c": "ESMGetCartProductRelationshipCustom2999",
        "%vlocity_namespace%__OMplusSyncEnabled__c": true,
        "%vlocity_namespace%__UpsertKey__c": false,
        "Name": "ESMGetCartProductRelationship",
        "VlocityDataPackType": "SObject",
        "VlocityRecordSObjectType": "%vlocity_namespace%__DRMapItem__c"
    },
    {
        "%vlocity_namespace%__DomainObjectAPIName__c": "json",
        "%vlocity_namespace%__DomainObjectCreationOrder__c": 1,
        "%vlocity_namespace%__DomainObjectFieldAPIName__c": "QuoteProductRelationship:%vlocity_namespace%__ProductRelationshipIdentifier__c",
        "%vlocity_namespace%__GlobalKey__c": "f55b1d3d-1db5-bed3-53d6-8bdee5bfe3ac",
        "%vlocity_namespace%__InterfaceFieldAPIName__c": "QuoteProductRelationship:%vlocity_namespace%__ProductRelationshipIdentifier__c",
        "%vlocity_namespace%__IsDisabled__c": false,
        "%vlocity_namespace%__IsRequiredForUpsert__c": false,
        "%vlocity_namespace%__MapId__c": "ESMGetCartProductRelationshipCustom800",
        "%vlocity_namespace%__OMplusSyncEnabled__c": true,
        "%vlocity_namespace%__UpsertKey__c": false,
        "Name": "ESMGetCartProductRelationship",
        "VlocityDataPackType": "SObject",
        "VlocityRecordSObjectType": "%vlocity_namespace%__DRMapItem__c"
    },
    {
        "%vlocity_namespace%__DomainObjectAPIName__c": "json",
        "%vlocity_namespace%__DomainObjectCreationOrder__c": 1,
        "%vlocity_namespace%__DomainObjectFieldAPIName__c": "QuoteProductRelationship:%vlocity_namespace%__ProductRelationshipIdentifier__c",
        "%vlocity_namespace%__GlobalKey__c": "fd7d368c-6eb2-cd70-f0ad-cc49d0d5d16b",
        "%vlocity_namespace%__InterfaceFieldAPIName__c": "QuoteProductRelationship:%vlocity_namespace%__ProductRelationshipIdentifier__c",
        "%vlocity_namespace%__IsDisabled__c": false,
        "%vlocity_namespace%__IsRequiredForUpsert__c": false,
        "%vlocity_namespace%__MapId__c": "ESMGetCartProductRelationshipCustom2135",
        "%vlocity_namespace%__OMplusSyncEnabled__c": true,
        "%vlocity_namespace%__UpsertKey__c": false,
        "Name": "ESMGetCartProductRelationship",
        "VlocityDataPackType": "SObject",
        "VlocityRecordSObjectType": "%vlocity_namespace%__DRMapItem__c"
    },
    {
        "%vlocity_namespace%__DomainObjectAPIName__c": "json",
        "%vlocity_namespace%__DomainObjectCreationOrder__c": 1,
        "%vlocity_namespace%__DomainObjectFieldAPIName__c": "QuoteProductRelationship:%vlocity_namespace%__QuoteLineItemId__c",
        "%vlocity_namespace%__GlobalKey__c": "74ef2d22-4e82-5580-4921-c676f80974a4",
        "%vlocity_namespace%__InterfaceFieldAPIName__c": "QuoteProductRelationship:%vlocity_namespace%__QuoteLineItemId__c",
        "%vlocity_namespace%__IsDisabled__c": false,
        "%vlocity_namespace%__IsRequiredForUpsert__c": false,
        "%vlocity_namespace%__MapId__c": "ESMGetCartProductRelationshipCustom8476",
        "%vlocity_namespace%__OMplusSyncEnabled__c": true,
        "%vlocity_namespace%__UpsertKey__c": false,
        "Name": "ESMGetCartProductRelationship",
        "VlocityDataPackType": "SObject",
        "VlocityRecordSObjectType": "%vlocity_namespace%__DRMapItem__c"
    },
    {
        "%vlocity_namespace%__DomainObjectAPIName__c": "json",
        "%vlocity_namespace%__DomainObjectCreationOrder__c": 1,
        "%vlocity_namespace%__DomainObjectFieldAPIName__c": "QuoteProductRelationship:%vlocity_namespace%__RelatedAssetReferenceId__c",
        "%vlocity_namespace%__GlobalKey__c": "85b205bc-8045-ad5a-be3b-de47c85d6b66",
        "%vlocity_namespace%__InterfaceFieldAPIName__c": "QuoteProductRelationship:%vlocity_namespace%__RelatedAssetReferenceId__c",
        "%vlocity_namespace%__IsDisabled__c": false,
        "%vlocity_namespace%__IsRequiredForUpsert__c": false,
        "%vlocity_namespace%__MapId__c": "ESMGetCartProductRelationshipCustom1270",
        "%vlocity_namespace%__OMplusSyncEnabled__c": true,
        "%vlocity_namespace%__UpsertKey__c": false,
        "Name": "ESMGetCartProductRelationship",
        "VlocityDataPackType": "SObject",
        "VlocityRecordSObjectType": "%vlocity_namespace%__DRMapItem__c"
    },
    {
        "%vlocity_namespace%__DomainObjectAPIName__c": "json",
        "%vlocity_namespace%__DomainObjectCreationOrder__c": 1,
        "%vlocity_namespace%__DomainObjectFieldAPIName__c": "QuoteProductRelationship:%vlocity_namespace%__RelatedQuoteLineItemId__c",
        "%vlocity_namespace%__GlobalKey__c": "52fd6e95-65e5-7eab-8735-13710400d4d3",
        "%vlocity_namespace%__InterfaceFieldAPIName__c": "QuoteProductRelationship:%vlocity_namespace%__RelatedQuoteLineItemId__c",
        "%vlocity_namespace%__IsDisabled__c": false,
        "%vlocity_namespace%__IsRequiredForUpsert__c": false,
        "%vlocity_namespace%__MapId__c": "ESMGetCartProductRelationshipCustom5003",
        "%vlocity_namespace%__OMplusSyncEnabled__c": true,
        "%vlocity_namespace%__UpsertKey__c": false,
        "Name": "ESMGetCartProductRelationship",
        "VlocityDataPackType": "SObject",
        "VlocityRecordSObjectType": "%vlocity_namespace%__DRMapItem__c"
    },
    {
        "%vlocity_namespace%__DomainObjectAPIName__c": "json",
        "%vlocity_namespace%__DomainObjectCreationOrder__c": 1,
        "%vlocity_namespace%__DomainObjectFieldAPIName__c": "QuoteProductRelationship:%vlocity_namespace%__RelatedQuoteLineItemId__r.Product2.Name",
        "%vlocity_namespace%__GlobalKey__c": "f9de34f3-a032-9385-7c87-25a3fe91eba6",
        "%vlocity_namespace%__InterfaceFieldAPIName__c": "QuoteProductRelationship:%vlocity_namespace%__RelatedQuoteLineItemId__r.Product2.Name",
        "%vlocity_namespace%__IsDisabled__c": false,
        "%vlocity_namespace%__IsRequiredForUpsert__c": false,
        "%vlocity_namespace%__MapId__c": "ESMGetCartProductRelationshipCustom2677",
        "%vlocity_namespace%__OMplusSyncEnabled__c": true,
        "%vlocity_namespace%__UpsertKey__c": false,
        "Name": "ESMGetCartProductRelationship",
        "VlocityDataPackType": "SObject",
        "VlocityRecordSObjectType": "%vlocity_namespace%__DRMapItem__c"
    },
    {
        "%vlocity_namespace%__DomainObjectAPIName__c": "json",
        "%vlocity_namespace%__DomainObjectCreationOrder__c": 1,
        "%vlocity_namespace%__DomainObjectFieldAPIName__c": "QuoteProductRelationship:%vlocity_namespace%__RelationshipType__c",
        "%vlocity_namespace%__GlobalKey__c": "276cd175-9668-6b4e-c0e9-2cf69337e1e8",
        "%vlocity_namespace%__InterfaceFieldAPIName__c": "QuoteProductRelationship:%vlocity_namespace%__RelationshipType__c",
        "%vlocity_namespace%__IsDisabled__c": false,
        "%vlocity_namespace%__IsRequiredForUpsert__c": false,
        "%vlocity_namespace%__MapId__c": "ESMGetCartProductRelationshipCustom8529",
        "%vlocity_namespace%__OMplusSyncEnabled__c": true,
        "%vlocity_namespace%__UpsertKey__c": false,
        "Name": "ESMGetCartProductRelationship",
        "VlocityDataPackType": "SObject",
        "VlocityRecordSObjectType": "%vlocity_namespace%__DRMapItem__c"
    },
    {
        "%vlocity_namespace%__DomainObjectAPIName__c": "json",
        "%vlocity_namespace%__DomainObjectCreationOrder__c": 1,
        "%vlocity_namespace%__DomainObjectFieldAPIName__c": "QuoteProductRelationship:Id",
        "%vlocity_namespace%__GlobalKey__c": "7219586c-f936-2c66-e5f8-839393521a49",
        "%vlocity_namespace%__InterfaceFieldAPIName__c": "QuoteProductRelationship:Id",
        "%vlocity_namespace%__IsDisabled__c": false,
        "%vlocity_namespace%__IsRequiredForUpsert__c": false,
        "%vlocity_namespace%__MapId__c": "ESMGetCartProductRelationshipCustom9796",
        "%vlocity_namespace%__OMplusSyncEnabled__c": true,
        "%vlocity_namespace%__UpsertKey__c": false,
        "Name": "ESMGetCartProductRelationship",
        "VlocityDataPackType": "SObject",
        "VlocityRecordSObjectType": "%vlocity_namespace%__DRMapItem__c"
    },
    {
        "%vlocity_namespace%__DomainObjectAPIName__c": "json",
        "%vlocity_namespace%__DomainObjectCreationOrder__c": 1,
        "%vlocity_namespace%__DomainObjectFieldAPIName__c": "QuoteProductRelationship:Name",
        "%vlocity_namespace%__GlobalKey__c": "341ac787-11a2-5279-1524-a313565df6af",
        "%vlocity_namespace%__InterfaceFieldAPIName__c": "QuoteProductRelationship:Name",
        "%vlocity_namespace%__IsDisabled__c": false,
        "%vlocity_namespace%__IsRequiredForUpsert__c": false,
        "%vlocity_namespace%__MapId__c": "ESMGetCartProductRelationshipCustom6973",
        "%vlocity_namespace%__OMplusSyncEnabled__c": true,
        "%vlocity_namespace%__UpsertKey__c": false,
        "Name": "ESMGetCartProductRelationship",
        "VlocityDataPackType": "SObject",
        "VlocityRecordSObjectType": "%vlocity_namespace%__DRMapItem__c"
    }
]