[
    {
        "%vlocity_namespace%__DomainObjectAPIName__c": "%vlocity_namespace%__QuoteGroup__c",
        "%vlocity_namespace%__DomainObjectCreationOrder__c": 1,
        "%vlocity_namespace%__DomainObjectFieldAPIName__c": "%vlocity_namespace%__QuoteId__c",
        "%vlocity_namespace%__GlobalKey__c": "460a9c08-ad84-a78e-080a-7b9d2385717d",
        "%vlocity_namespace%__InterfaceFieldAPIName__c": "SalesQuoteId",
        "%vlocity_namespace%__IsDisabled__c": false,
        "%vlocity_namespace%__IsRequiredForUpsert__c": false,
        "%vlocity_namespace%__MapId__c": "UpdateQuoteGroupNameCustom1017",
        "%vlocity_namespace%__UpsertKey__c": false,
        "Name": "UpdateQuoteGroupName",
        "VlocityDataPackType": "SObject",
        "VlocityRecordSObjectType": "%vlocity_namespace%__DRMapItem__c"
    },
    {
        "%vlocity_namespace%__DomainObjectAPIName__c": "%vlocity_namespace%__QuoteGroup__c",
        "%vlocity_namespace%__DomainObjectCreationOrder__c": 1,
        "%vlocity_namespace%__DomainObjectFieldAPIName__c": "Id",
        "%vlocity_namespace%__GlobalKey__c": "f0997ae7-2260-2836-cff7-2705b92f2944",
        "%vlocity_namespace%__InterfaceFieldAPIName__c": "QuoteGroupId",
        "%vlocity_namespace%__IsDisabled__c": false,
        "%vlocity_namespace%__IsRequiredForUpsert__c": false,
        "%vlocity_namespace%__MapId__c": "UpdateQuoteGroupNameCustom3650",
        "%vlocity_namespace%__UpsertKey__c": false,
        "Name": "UpdateQuoteGroupName",
        "VlocityDataPackType": "SObject",
        "VlocityRecordSObjectType": "%vlocity_namespace%__DRMapItem__c"
    },
    {
        "%vlocity_namespace%__ConfigurationValue__c": "FAKEMAPPING",
        "%vlocity_namespace%__DomainObjectAPIName__c": "%vlocity_namespace%__QuoteGroup__c",
        "%vlocity_namespace%__DomainObjectCreationOrder__c": 1,
        "%vlocity_namespace%__DomainObjectFieldAPIName__c": "Id",
        "%vlocity_namespace%__FilterOperator__c": "=",
        "%vlocity_namespace%__GlobalKey__c": "6341f662-0a52-2acf-e4f1-f0d318e7a11d",
        "%vlocity_namespace%__IsDisabled__c": true,
        "%vlocity_namespace%__IsRequiredForUpsert__c": false,
        "%vlocity_namespace%__MapId__c": "UpdateQuoteGroupNameCustom6758",
        "%vlocity_namespace%__UpsertKey__c": false,
        "Name": "UpdateQuoteGroupName",
        "VlocityDataPackType": "SObject",
        "VlocityRecordSObjectType": "%vlocity_namespace%__DRMapItem__c"
    },
    {
        "%vlocity_namespace%__DomainObjectAPIName__c": "%vlocity_namespace%__QuoteGroup__c",
        "%vlocity_namespace%__DomainObjectCreationOrder__c": 1,
        "%vlocity_namespace%__DomainObjectFieldAPIName__c": "Name",
        "%vlocity_namespace%__GlobalKey__c": "7a37719f-9108-c3a9-2f7e-84233bbd542f",
        "%vlocity_namespace%__InterfaceFieldAPIName__c": "NewGroupName",
        "%vlocity_namespace%__IsDisabled__c": false,
        "%vlocity_namespace%__IsRequiredForUpsert__c": false,
        "%vlocity_namespace%__MapId__c": "UpdateQuoteGroupNameCustom8544",
        "%vlocity_namespace%__UpsertKey__c": false,
        "Name": "UpdateQuoteGroupName",
        "VlocityDataPackType": "SObject",
        "VlocityRecordSObjectType": "%vlocity_namespace%__DRMapItem__c"
    }
]