{
    "ContextId": null,
    "timeStamp": null,
    "userId": null,
    "userName": null,
    "userProfile": null,
    "userTimeZone": null,
    "vlcPersistentComponent": {
    },
    "vlcTimeTracking": {
        "AllSelectedAssetIds": null,
        "AssetsFromGroupCartResponse": null,
        "CreateSelectedAssetIdsList": null,
        "DataRaptorExtractAction3": null,
        "ExtractAcco": null,
        "ExtractAccountIdFromCart": null,
        "ExtractAssetIdsFromOrderMember": null,
        "ExtractAssetIdsFromQuoteMember": null,
        "SetOrderId": null,
        "SetQuoteId": null,
        "UniqueAssetIdList": null
    }
}